"DateTime","USDT","Price"
"2021-04-18 00:00:00",-0.040986271648943,56589.22
"2021-04-19 00:00:00",-0.05627762054295301,55940.86
"2021-04-20 00:00:00",-0.01624039944935442,55265.39
"2021-04-21 00:00:00",-0.02096728262473907,55221.38
"2021-04-22 00:00:00",-0.10180382053631402,52989.2
"2021-04-23 00:00:00",0.13093193126525443,49804
"2021-04-24 00:00:00",0.1660444210376807,49996.67
"2021-04-25 00:00:00",0.09405807431306751,48824.74
"2021-04-26 00:00:00",0.20787819879701536,51616.56
"2021-04-27 00:00:00",0.21851284957738232,54424.27
"2021-04-28 00:00:00",0.20572462185630716,55174.09
"2021-04-29 00:00:00",0.19736306878325602,53808.33
"2021-04-30 00:00:00",0.21338415973323777,55537.13
"2021-05-01 00:00:00",0.21294920320810898,57778.03
"2021-05-02 00:00:00",0.20571842955805536,57013.77
"2021-05-03 00:00:00",0.13436560233737824,57747.72
"2021-05-04 00:00:00",0.10044240109093487,55167.43
"2021-05-05 00:00:00",0.12191171911240674,55461.5
"2021-05-06 00:00:00",0.11498600121820546,56846.08
"2021-05-07 00:00:00",0.11261177139827412,57003.23
"2021-05-08 00:00:00",0.07763836350847977,58253.57
"2021-05-09 00:00:00",0.07177092039312007,57813.99
"2021-05-10 00:00:00",0.07101931262665157,56913.1
"2021-05-11 00:00:00",0.07291817922963705,55709.38
"2021-05-12 00:00:00",-0.02000596336311562,53594.17
"2021-05-13 00:00:00",-0.03125705312739779,49203.86
"2021-05-14 00:00:00",0.006591186072018747,50232.36
"2021-05-15 00:00:00",-0.13678248569358795,48658.12
"2021-05-16 00:00:00",-0.19000154728439358,46863.76
"2021-05-17 00:00:00",-0.2885197604781062,44398.01
"2021-05-18 00:00:00",-0.29902254260108413,44064.38
"2021-05-19 00:00:00",-0.26345287784371313,36744.77
"2021-05-20 00:00:00",-0.11696253684364209,38764.64
"2021-05-21 00:00:00",-0.22207190099086033,37902.44
"2021-05-22 00:00:00",-0.2493362973696205,37064.82
"2021-05-23 00:00:00",-0.19946711286515661,34730.87
"2021-05-24 00:00:00",-0.009696845203840383,37206.34
"2021-05-25 00:00:00",0.0478857257078501,38175.99
"2021-05-26 00:00:00",0.08794873905854443,39355.31
"2021-05-27 00:00:00",0.06888372815828117,38810.39
"2021-05-28 00:00:00",-0.0196067877745838,36806.68
"2021-05-29 00:00:00",-0.08959169291471311,35486.58
"2021-05-30 00:00:00",-0.03862672540552452,34941.14
"2021-05-31 00:00:00",0.02950751523415036,35857.83
"2021-06-01 00:00:00",0.009985271976362604,36821.85
"2021-06-02 00:00:00",0.08804385053581315,37080.26
"2021-06-03 00:00:00",0.059132995903633676,38341.19
"2021-06-04 00:00:00",0.08801106015954331,37445.26
"2021-06-05 00:00:00",0.05243944516457261,36378.96
"2021-06-06 00:00:00",0.051523313105084456,35859.07
"2021-06-07 00:00:00",0.11086139973747494,35078.76
"2021-06-08 00:00:00",0.15599992094436055,32547.72
"2021-06-09 00:00:00",0.19532050080313226,34981.8
"2021-06-10 00:00:00",0.3297411559108413,37104.13
"2021-06-11 00:00:00",0.214136976522845,36823.85
"2021-06-12 00:00:00",0.16806380784114336,36050.27
"2021-06-13 00:00:00",0.29372627755097913,37088.46
"2021-06-14 00:00:00",0.12640843137591715,39890.6
"2021-06-15 00:00:00",0.10355274877469164,40416.88
"2021-06-16 00:00:00",0.062256903350521975,39305.01
"2021-06-17 00:00:00",0.028837193304879088,38461.99
"2021-06-18 00:00:00",0.02383227980692084,36680.06
"2021-06-19 00:00:00",0.05090294456806998,35653.21
"2021-06-20 00:00:00",0.04605547429891287,34758.88
"2021-06-21 00:00:00",-0.06761248836704821,33522.66
"2021-06-22 00:00:00",0.017442929619210366,31110.47
"2021-06-23 00:00:00",0.05586073198477207,33310.98
"2021-06-24 00:00:00",0.11959544272134195,33804.03
"2021-06-25 00:00:00",0.08998427649607856,33392.38
"2021-06-26 00:00:00",0.12399716276435849,31435.74
"2021-06-27 00:00:00",0.1375553942175954,33392.82
"2021-06-28 00:00:00",0.1459631824381974,34591.71
"2021-06-29 00:00:00",0.14132923396635103,35434.29
"2021-06-30 00:00:00",0.157963107409214,35076.21
"2021-07-01 00:00:00",0.1417333117156595,33911.37
"2021-07-02 00:00:00",0.1582870721868437,33341.82
"2021-07-03 00:00:00",0.20908934139047927,34138.98
"2021-07-04 00:00:00",0.2021298720397516,35168.16
"2021-07-05 00:00:00",0.17838435074943207,34221.16
"2021-07-06 00:00:00",0.1738378266032008,34327.7
"2021-07-07 00:00:00",0.1757106532121007,34437.12
"2021-07-08 00:00:00",0.08985529462279947,33021.49
"2021-07-09 00:00:00",0.10578862561794616,33175.4
"2021-07-10 00:00:00",0.08902321525000778,33641.83
"2021-07-11 00:00:00",0.10908967031592809,33965.55
"2021-07-12 00:00:00",0.08666546271653891,33659.42
"2021-07-13 00:00:00",0.16572007595010999,32770.84
"2021-07-14 00:00:00",0.2655340034578121,32350.6
"2021-07-15 00:00:00",0.2716614869171628,32161.15
"2021-07-16 00:00:00",0.18443401091485873,31651.54
"2021-07-17 00:00:00",0.16581626963680685,31580.21
"2021-07-18 00:00:00",0.09222634306414662,31788.92
"2021-07-19 00:00:00",0.04873483200000464,31197.14
"2021-07-20 00:00:00",0.04232570941612723,30191.99
"2021-07-21 00:00:00",0.08942662589418883,31164
"2021-07-22 00:00:00",-0.008091476886442255,32171.44
"2021-07-23 00:00:00",0.0034657689567855494,32825.28
"2021-07-24 00:00:00",0.009476962099560863,33974.42
"2021-07-25 00:00:00",-0.05214495697343424,34637.49
"2021-07-26 00:00:00",0.017379744806416946,37912.05
"2021-07-27 00:00:00",-0.17462230742987506,37978.98
"2021-07-28 00:00:00",-0.1662784137180133,39857.99
"2021-07-29 00:00:00",-0.1330724278361664,39957.73
"2021-07-30 00:00:00",-0.30107637275717314,40323.97
"2021-07-31 00:00:00",-0.21397865641154712,41719.6
"2021-08-01 00:00:00",-0.12111224279003172,41028.1
"2021-08-02 00:00:00",-0.08794047342426749,39572.31
"2021-08-03 00:00:00",-0.05342328072307736,38729.34
"2021-08-04 00:00:00",-0.09269469306002479,38743.68
"2021-08-05 00:00:00",-0.15484018708554795,39369.59
"2021-08-06 00:00:00",-0.20910428397440708,41629.34
"2021-08-07 00:00:00",-0.2181567318567605,43602.54
"2021-08-08 00:00:00",-0.15062167422977127,44305.46
"2021-08-09 00:00:00",-0.22087673327599047,44647.04
"2021-08-10 00:00:00",-0.17925173297455468,45685.38
"2021-08-11 00:00:00",-0.08594673852294807,46062.2
"2021-08-12 00:00:00",-0.01866366538207867,45000.31
"2021-08-13 00:00:00",-0.10880443562672727,46075.59
"2021-08-14 00:00:00",-0.05258647343063267,47092.77
"2021-08-15 00:00:00",-0.05948484780804229,46493.08
"2021-08-16 00:00:00",0.03390878862654353,46872.76
"2021-08-17 00:00:00",0.10896056362671587,45769.88
"2021-08-18 00:00:00",0.1942331683383493,45132.94
"2021-08-19 00:00:00",0.25643134886319024,45513.13
"2021-08-20 00:00:00",0.14667340606337287,48014.75
"2021-08-21 00:00:00",0.20325436657960688,49069.93
"2021-08-22 00:00:00",0.15289127727888457,48816.09
"2021-08-23 00:00:00",0.16736331376842892,49781.04
"2021-08-24 00:00:00",0.17840712892034288,48720.32
"2021-08-25 00:00:00",0.2322136099003206,48196.41
"2021-08-26 00:00:00",0.1964876780363328,47907.44
"2021-08-27 00:00:00",0.1665404514047445,47771.56
"2021-08-28 00:00:00",0.18554563611984495,48846.69
"2021-08-29 00:00:00",0.10891937095054988,48747.49
"2021-08-30 00:00:00",0.1584920988304139,47875.29
"2021-08-31 00:00:00",0.1963810765371742,47483.23
"2021-09-01 00:00:00",0.19598678337149278,47803.4
"2021-09-02 00:00:00",0.32953328701276285,49503.8
"2021-09-03 00:00:00",0.26822556660144725,49709.36
"2021-09-04 00:00:00",0.17309208141347107,50025.24
"2021-09-05 00:00:00",0.0362387296476406,50694.73
"2021-09-06 00:00:00",-0.052202958909065594,51900.92
"2021-09-07 00:00:00",0.019004661235609708,48411.83
"2021-09-08 00:00:00",-0.0215616379616029,45919.06
"2021-09-09 00:00:00",-0.03499201076114081,46453.8
"2021-09-10 00:00:00",-0.08996923449605747,45612.47
"2021-09-11 00:00:00",-0.06283862345330332,45364.81
"2021-09-12 00:00:00",-0.09045504542395998,45584.66
"2021-09-13 00:00:00",-0.10282787495247463,45166.57
"2021-09-14 00:00:00",-0.0977743310513149,46019.97
"2021-09-15 00:00:00",-0.07980225561778521,47591.23
"2021-09-16 00:00:00",-0.030740726944655194,47774.53
"2021-09-17 00:00:00",-0.005334299710162677,47471.34
"2021-09-18 00:00:00",-0.06272759698504587,47937.24
"2021-09-19 00:00:00",-0.06888247659090312,47620.4
"2021-09-20 00:00:00",-0.18930543917419856,44946.56
"2021-09-21 00:00:00",-0.25671635053744474,41696.55
"2021-09-22 00:00:00",-0.1389379824732377,42300.65
"2021-09-23 00:00:00",-0.12018944719478465,44051.3
"2021-09-24 00:00:00",-0.1190325443686399,42975.19
"2021-09-25 00:00:00",-0.09909919808445007,42351.51
"2021-09-26 00:00:00",0.019117582782213066,42376.95
"2021-09-27 00:00:00",-0.05671416823480201,43249.83
"2021-09-28 00:00:00",-0.10128358846375478,41852.69
"2021-09-29 00:00:00",-0.12509419844156217,41696.93
"2021-09-30 00:00:00",-0.07075530634679304,42771.7
"2021-10-01 00:00:00",-0.021153576324916476,45887.48
"2021-10-02 00:00:00",-0.03885587516425699,47908.09
"2021-10-03 00:00:00",-0.005835644057371985,48161.21
"2021-10-04 00:00:00",-0.043510162479571166,48222.75
"2021-10-05 00:00:00",-0.03889704355136609,50486.38
"2021-10-06 00:00:00",-0.1387123494387097,53048
"2021-10-07 00:00:00",-0.1140950619871363,54411.17
"2021-10-08 00:00:00",-0.0377196633684443,54857
"2021-10-09 00:00:00",-0.05049952102690907,54590.76
"2021-10-10 00:00:00",0.009474822834518188,55302.58
"2021-10-11 00:00:00",-0.04858402956111438,56137.33
"2021-10-12 00:00:00",-0.05050622018320647,55872.58
"2021-10-13 00:00:00",-0.08979670999365838,56024.3
"2021-10-14 00:00:00",-0.0709197247107173,57684.57
"2021-10-15 00:00:00",-0.1404969532951914,59887.82
"2021-10-16 00:00:00",-0.09939579387512808,61247.63
"2021-10-17 00:00:00",-0.1207295652437464,60374.2
"2021-10-18 00:00:00",-0.12709859453347017,61294.33
"2021-10-19 00:00:00",-0.14906181194138987,62939.41
"2021-10-20 00:00:00",-0.09866831380247068,65262.18
"2021-10-21 00:00:00",0.08847631074665262,64360.95
"2021-10-22 00:00:00",0.09851047199544295,61874.2
"2021-10-23 00:00:00",0.07371563219329476,60719.27
"2021-10-24 00:00:00",0.1004836537778254,60505.3
"2021-10-25 00:00:00",0.07647417595293078,62184.16
"2021-10-26 00:00:00",0.018430599654738946,61579.36
"2021-10-27 00:00:00",0.19401585533920618,59800.59
"2021-10-28 00:00:00",0.3159657550179322,60198.76
"2021-10-29 00:00:00",0.3901336768753971,61618.71
"2021-10-30 00:00:00",0.3555687128744578,61572.95
"2021-10-31 00:00:00",0.22706104282493678,61221.32
"2021-11-01 00:00:00",0.2416006692146018,61018.6
"2021-11-02 00:00:00",0.26809859766708455,62480.53
"2021-11-03 00:00:00",0.2046900152393932,62305.71
"2021-11-04 00:00:00",0.1607025482388061,61924.35
"2021-11-05 00:00:00",0.012781271346646134,61705.57
"2021-11-06 00:00:00",0.0708757464280816,60862.51
"2021-11-07 00:00:00",0.15208678164578818,62358.07
"2021-11-08 00:00:00",0.030228496901885657,65529.12
"2021-11-09 00:00:00",0.16876090691231685,67413.34
"2021-11-10 00:00:00",0.16824187338334998,66087.45
"2021-11-11 00:00:00",0.1913469245484935,64858.02
"2021-11-12 00:00:00",0.08412028895411176,63890.51
"2021-11-13 00:00:00",0.1306344321575658,64187.16
"2021-11-14 00:00:00",0.023567114978357846,64562.7
"2021-11-15 00:00:00",0.0922003132658399,64889
"2021-11-16 00:00:00",0.01218601558300327,61180.12
"2021-11-17 00:00:00",0.02929375133170049,59701.57
"2021-11-18 00:00:00",-0.08814755987179598,58749.99
"2021-11-19 00:00:00",0.04992514991111374,57029.48
"2021-11-20 00:00:00",0.037660009749132604,58676.27
"2021-11-21 00:00:00",0.006694425159262442,59317.13
"2021-11-22 00:00:00",-0.09281956811904991,57532.5
"2021-11-23 00:00:00",-0.028047670385327964,56679.68
"2021-11-24 00:00:00",0.003765397476836228,56820.11
"2021-11-25 00:00:00",0.03131294903147045,58246.84
"2021-11-26 00:00:00",-0.11522392655400417,56388.75
"2021-11-27 00:00:00",-0.08902216985119525,54492.8
"2021-11-28 00:00:00",0.021633006560841685,55455.66
"2021-11-29 00:00:00",0.02171647992776688,57825.47
"2021-11-30 00:00:00",0.047672807384889625,57578.83
"2021-12-01 00:00:00",0.029775462609302094,57801.26
"2021-12-02 00:00:00",0.03684922224242438,56629.94
"2021-12-03 00:00:00",-0.02128504534778742,55066.19
"2021-12-04 00:00:00",0.02349679346487786,48717.13
"2021-12-05 00:00:00",0.06173057403804819,48802.47
"2021-12-06 00:00:00",0.20956775028800442,49123.11
"2021-12-07 00:00:00",0.19640272317645996,51018.3
"2021-12-08 00:00:00",0.29963193272144356,49963.73
"2021-12-09 00:00:00",0.18030755746863256,49088.57
"2021-12-10 00:00:00",0.05037774205108293,48518.63
"2021-12-11 00:00:00",0.12540245316835127,48166.96
"2021-12-12 00:00:00",0.15003127950889328,49748.5
"2021-12-13 00:00:00",0.08098627548393593,48007.97
"2021-12-14 00:00:00",0.17780565953660188,47493.02
"2021-12-15 00:00:00",0.18961345226437745,48031.01
"2021-12-16 00:00:00",0.11332140945296498,48498.78
"2021-12-17 00:00:00",0.1053191204265921,46754.7
"2021-12-18 00:00:00",0.08391304682951727,46439.8
"2021-12-19 00:00:00",0.08056609049632449,47372.98
"2021-12-20 00:00:00",0.13327103744843458,46541.11
"2021-12-21 00:00:00",0.12791694797882222,47997.96
"2021-12-22 00:00:00",0.07120708926701944,49020.92
"2021-12-23 00:00:00",0.11061643277658527,49722.57
"2021-12-24 00:00:00",0.12422998988095851,51156.46
"2021-12-25 00:00:00",0.16384481892363925,50679.06
"2021-12-26 00:00:00",0.04821871303373384,50384.66
"2021-12-27 00:00:00",0.059137178721715915,51280.36
"2021-12-28 00:00:00",0.11802808826816819,49018.16
"2021-12-29 00:00:00",0.10370071583866036,47126.57
"2021-12-30 00:00:00",0.20334050487186334,46941.09
"2021-12-31 00:00:00",0.15226067224403206,47119.33
"2022-01-01 00:00:00",0.20250585787317404,47073.16
"2022-01-02 00:00:00",0.06986683057279479,47322.72
"2022-01-03 00:00:00",0.060739484708318435,46639.89
"2022-01-04 00:00:00",0.0311351742131524,46558.7
"2022-01-05 00:00:00",-0.04267396552890417,44789.02
"2022-01-06 00:00:00",-0.04039912390842205,43124
"2022-01-07 00:00:00",-0.04002732366471958,41944.61
"2022-01-08 00:00:00",-0.12069577474532658,41420.57
"2022-01-09 00:00:00",-0.14261104286934967,42018.9
"2022-01-10 00:00:00",-0.0072631597346037805,40959.34
"2022-01-11 00:00:00",0.059504390540710154,42200.88
"2022-01-12 00:00:00",0.06443050473025165,43382.46
"2022-01-13 00:00:00",0.03744136719748481,43388.71
"2022-01-14 00:00:00",0.1255565626983553,42626.25
"2022-01-15 00:00:00",0.10104929838040781,43200.88
"2022-01-16 00:00:00",0.10117133257765532,43050.64
"2022-01-17 00:00:00",0.10609518683557391,42384.86
"2022-01-18 00:00:00",0.12183593504525089,41991.89
"2022-01-19 00:00:00",0.12064465170204237,41860.06
"2022-01-20 00:00:00",0.08405113039880147,42038.73
"2022-01-21 00:00:00",-0.12412451115299998,38305.54
"2022-01-22 00:00:00",-0.07157332682877746,35471.1
"2022-01-23 00:00:00",0.044598915662462664,35593.79
"2022-01-24 00:00:00",0.21327835410928817,35229.96
"2022-01-25 00:00:00",0.29533676247365015,36643.7
"2022-01-26 00:00:00",0.23607927815904117,37603.14
"2022-01-27 00:00:00",0.22401999019094748,36393.37
"2022-01-28 00:00:00",0.2387889079635618,37098.92
"2022-01-29 00:00:00",0.26867116151384873,38035.87
"2022-01-30 00:00:00",0.23201977999100357,37871.02
"2022-01-31 00:00:00",0.32231488482654735,37715.25
"2022-02-01 00:00:00",0.3479112034222413,38657.52
"2022-02-02 00:00:00",0.33660499601627786,37767
"2022-02-03 00:00:00",0.3255161355380789,36840.99
"2022-02-04 00:00:00",0.2374424602877131,39399.01
"2022-02-05 00:00:00",0.23963116002976484,41458.85
"2022-02-06 00:00:00",0.21274901241076502,41911.93
"2022-02-07 00:00:00",0.1655414996923068,43103.94
"2022-02-08 00:00:00",0.16418706932422558,44094.02
"2022-02-09 00:00:00",0.16078857372823097,44008.56
"2022-02-10 00:00:00",0.2317647057345439,44545.72
"2022-02-11 00:00:00",0.2758702890241886,42980.75
"2022-02-12 00:00:00",0.2521892165825556,42408.76
"2022-02-13 00:00:00",0.27701893711789305,42336.83
"2022-02-14 00:00:00",0.26436509938859887,42219.28
"2022-02-15 00:00:00",0.21656193186286699,43611.97
"2022-02-16 00:00:00",0.21348465399373823,43972.06
"2022-02-17 00:00:00",0.25222674683725177,42145.96
"2022-02-18 00:00:00",0.2490595667598696,40238.68
"2022-02-19 00:00:00",0.22347150625538353,40064.67
"2022-02-20 00:00:00",0.2915758709988652,39081.48
"2022-02-21 00:00:00",0.2902182877098738,38178.93
"2022-02-22 00:00:00",0.2843936951206686,37414.97
"2022-02-23 00:00:00",0.14859608166028135,38172.17
"2022-02-24 00:00:00",0.20856305893955748,36766.01
"2022-02-25 00:00:00",0.2621104151912014,38876.89
"2022-02-26 00:00:00",0.21894273503665398,39416.89
"2022-02-27 00:00:00",0.15880788315452218,38450.81
"2022-02-28 00:00:00",0.1302335716685518,40713.61
"2022-03-01 00:00:00",0.11155808212814615,43888.3
"2022-03-02 00:00:00",0.09863424760937636,44228.85
"2022-03-03 00:00:00",0.11465926518122968,42965.82
"2022-03-04 00:00:00",0.1288575005678325,40571.1
"2022-03-05 00:00:00",0.11024254335021787,39124.7
"2022-03-06 00:00:00",0.03461517873324736,38910.29
"2022-03-07 00:00:00",0.02108833112724939,38364.07
"2022-03-08 00:00:00",0.03730938782537598,38633.38
"2022-03-09 00:00:00",0.07077024305892064,40621.96
"2022-03-10 00:00:00",0.06814012117810171,40448.5
"2022-03-11 00:00:00",0.08668081423657432,39241.59
"2022-03-12 00:00:00",0.02708385336743636,39055.27
"2022-03-13 00:00:00",-0.014774493530097911,38443.99
"2022-03-14 00:00:00",0.013238519122132754,38684.71
"2022-03-15 00:00:00",0.012102365725687176,39061.83
"2022-03-16 00:00:00",0.022256646878778784,40285.89
"2022-03-17 00:00:00",0.08252905906427091,41011.22
"2022-03-18 00:00:00",0.07003995176188062,41240.52
"2022-03-19 00:00:00",-0.02305294288423774,41958.58
"2022-03-20 00:00:00",-0.009836397322692179,41638.28
"2022-03-21 00:00:00",-0.009629522484765762,41032.8
"2022-03-22 00:00:00",-0.0056551361933433585,42105.65
"2022-03-23 00:00:00",0.030358372372129662,42414.07
"2022-03-24 00:00:00",-0.04743891630348671,43442.19
"2022-03-25 00:00:00",0.02215854594357231,44370.88
"2022-03-26 00:00:00",-0.1165807761028441,44459.67
"2022-03-27 00:00:00",-0.21314520664883507,45673.01
"2022-03-28 00:00:00",-0.13238133365858876,47438.84
"2022-03-29 00:00:00",-0.056900506988068776,47536.77
"2022-03-30 00:00:00",-0.09355818891808845,47148.8
"2022-03-31 00:00:00",0.0013324177096900713,46410.14
"2022-04-01 00:00:00",-0.05777689620779485,45491.43
"2022-04-02 00:00:00",-0.02391419933008659,46432
"2022-04-03 00:00:00",0.031158869533602074,46499.09
"2022-04-04 00:00:00",-0.013469735773545738,46014.87
"2022-04-05 00:00:00",0.08275737812638591,46285.25
"2022-04-06 00:00:00",0.1476751020942312,44324.04
"2022-04-07 00:00:00",0.14710244730165534,43330.58
"2022-04-08 00:00:00",0.09124761212119513,43052.91
"2022-04-09 00:00:00",0.16490457589989213,42474.54
"2022-04-10 00:00:00",0.2134683216471652,42682.04
"2022-04-11 00:00:00",0.1510682644469996,40826.13
"2022-04-12 00:00:00",0.24748278914371666,39970.4
"2022-04-13 00:00:00",0.1882837541169313,40564.96
"2022-04-14 00:00:00",0.1169111272491381,40545.35
"2022-04-15 00:00:00",0.07507363796278302,40289.98
"2022-04-16 00:00:00",0.058377341561649865,40358.55
"2022-04-17 00:00:00",-0.004113384342802523,40083.27
"2022-04-18 00:00:00",0.07366853372874257,39832.8
"2022-04-19 00:00:00",0.10580670852192323,41172.03
"2022-04-20 00:00:00",0.09695241138651935,41563.57
"2022-04-21 00:00:00",0.04486060896785608,41430.62
"2022-04-22 00:00:00",0.019110600402689984,39992.48
"2022-04-23 00:00:00",0.014053875572366262,39647.1
"2022-04-24 00:00:00",0.02357989465108677,39493.87
"2022-04-25 00:00:00",0.10500267156788608,39412.75
"2022-04-26 00:00:00",0.09716833091473315,39262.22
"2022-04-27 00:00:00",0.14016154944873252,38683.11
"2022-04-28 00:00:00",0.16681381211342416,39639.3
"2022-04-29 00:00:00",0.16083762133399446,39050.88
"2022-04-30 00:00:00",0.06589424536498556,38197.89
"2022-05-01 00:00:00",0.18980762697503079,38064.88
"2022-05-02 00:00:00",0.1645025981536627,38606.63
"2022-05-03 00:00:00",0.1711756976933662,38081.87
"2022-05-04 00:00:00",0.3384206306110274,38835.09
"2022-05-05 00:00:00",0.17662930839813396,37723.96
"2022-05-06 00:00:00",0.07771577878862292,35986.44
"2022-05-07 00:00:00",0.11950889655415274,35483.04
"2022-05-08 00:00:00",-0.033613427411163264,34617.76
"2022-05-09 00:00:00",-0.36179423473127537,32148.84
"2022-05-10 00:00:00",-0.34421657166891073,31230.8
"2022-05-11 00:00:00",-0.3106846444338503,30111.73
"2022-05-12 00:00:00",-0.09403031254245756,27960.64
"2022-05-13 00:00:00",-0.04259525180031486,29832.21
"2022-05-14 00:00:00",-0.03768679349613752,29431.59
"2022-05-15 00:00:00",0.06490917023678701,30434.63
"2022-05-16 00:00:00",0.07762874384333769,30200.32
"2022-05-17 00:00:00",0.09840691558620773,30089.62
"2022-05-18 00:00:00",0.061590484309742725,29641.93
"2022-05-19 00:00:00",0.14661310598155586,29579.09
"2022-05-20 00:00:00",0.11313715422451598,29711.88
"2022-05-21 00:00:00",0.08410440237438196,29268.72
"2022-05-22 00:00:00",0.10507235225199893,29836.94
"2022-05-23 00:00:00",0.06495233270344407,29748.06
"2022-05-24 00:00:00",0.0972194667876779,29215.02
"2022-05-25 00:00:00",0.15957932054892784,29755.3
"2022-05-26 00:00:00",0.11637172774428756,28954.66
"2022-05-27 00:00:00",0.1254757394597298,28805.54
"2022-05-28 00:00:00",0.1746309192437982,28869.72
"2022-05-29 00:00:00",0.15589441978194268,29184.44
"2022-05-30 00:00:00",0.13676593905788878,30724.57
"2022-05-31 00:00:00",0.18223098257511208,31785.17
"2022-06-01 00:00:00",0.1803261193119408,30640.27
"2022-06-02 00:00:00",0.1736982468825094,30110.67
"2022-06-03 00:00:00",0.3346315072337543,29963.04
"2022-06-04 00:00:00",0.23174654348507087,29710.11
"2022-06-05 00:00:00",0.28839476393333674,29834.14
"2022-06-06 00:00:00",0.3520246786044421,30808.25
"2022-06-07 00:00:00",0.31915130526423047,30380.72
"2022-06-08 00:00:00",0.05664961648581905,30572.56
"2022-06-09 00:00:00",0.032284039283637184,30301.17
"2022-06-10 00:00:00",0.01726507696457769,29588.41
"2022-06-11 00:00:00",-0.22969766993482824,28759.78
"2022-06-12 00:00:00",-0.36615503406331673,27545
"2022-06-13 00:00:00",-0.6686848108189936,24423.88
"2022-06-14 00:00:00",-0.3850872819692464,22025.96
"2022-06-15 00:00:00",-0.27397484363481545,21413.87
"2022-06-16 00:00:00",-0.402199464679705,21585.17
"2022-06-17 00:00:00",-0.34630977397996643,20775.87
"2022-06-18 00:00:00",-0.30849799920533066,19161.72
"2022-06-19 00:00:00",-0.07785990812905938,19356.43
"2022-06-20 00:00:00",-0.02953635909604644,20316.17
"2022-06-21 00:00:00",-0.03185585868652365,21016.87
"2022-06-22 00:00:00",-0.06639813067029725,20309.45
"2022-06-23 00:00:00",0.005105919265168068,20533.01
"2022-06-24 00:00:00",0.01608255507710749,21123.17
"2022-06-25 00:00:00",0.046433951388874004,21244.56
"2022-06-26 00:00:00",-0.0017472839628398643,21412.33
"2022-06-27 00:00:00",0.004335428886703812,21029.37
"2022-06-28 00:00:00",-0.006984448572254889,20681.84
"2022-06-29 00:00:00",0.059729872965026784,20123.78
"2022-06-30 00:00:00",0.12100564550828898,19380.91
"2022-07-01 00:00:00",0.05443712616913867,19884.89
"2022-07-02 00:00:00",0.09865909039958179,19192.35
"2022-07-03 00:00:00",0.11123382568162048,19192.69
"2022-07-04 00:00:00",0.1656385765648001,19674.89
"2022-07-05 00:00:00",0.20007408672753346,20004.92
"2022-07-06 00:00:00",0.29180579391729145,20193.96
"2022-07-07 00:00:00",0.4097890699464279,21041.42
"2022-07-08 00:00:00",0.4380480774720003,21780.18
"2022-07-09 00:00:00",0.5053424768636551,21635.88
"2022-07-10 00:00:00",0.5603070811819622,21131.18
"2022-07-11 00:00:00",0.552007294071748,20362.04
"2022-07-12 00:00:00",0.5807225380414015,19633.39
"2022-07-13 00:00:00",0.3718121177382403,19596.97
"2022-07-14 00:00:00",0.41189575135666895,20244.79
"2022-07-15 00:00:00",0.4236421504368074,20779.3
"2022-07-16 00:00:00",0.2649799382183048,21027.89
"2022-07-17 00:00:00",0.2810368901491779,21205.66
"2022-07-18 00:00:00",0.12400872808936235,21754.9
"2022-07-19 00:00:00",-0.07381676143933207,22689.55
"2022-07-20 00:00:00",0.026363615677949963,23599.64
"2022-07-21 00:00:00",0.00024051666935808185,22884.16
"2022-07-22 00:00:00",0.08669939070334318,23131.35
"2022-07-23 00:00:00",0.08669712544748706,22475.68
"2022-07-24 00:00:00",0.10195262985197721,22641.41
"2022-07-25 00:00:00",0.13711779040835645,21964.6
"2022-07-26 00:00:00",0.12505011476948028,21037.41
"2022-07-27 00:00:00",0.08039542565977795,22075.79
"2022-07-28 00:00:00",0.05584736880935672,23398.17
"2022-07-29 00:00:00",0.09971380276378838,23930.33
"2022-07-30 00:00:00",0.12200910521995205,24070.29
"2022-07-31 00:00:00",0.2346746057547949,23715.15
"2022-08-01 00:00:00",0.2547528252760585,23185.62
"2022-08-02 00:00:00",0.27886610085393193,23060.23
"2022-08-03 00:00:00",0.26144270363302696,23155.69
"2022-08-04 00:00:00",0.27064131438282857,22823.58
"2022-08-05 00:00:00",0.23901457983864952,23032.31
"2022-08-06 00:00:00",0.23454945281013634,23136.75
"2022-08-07 00:00:00",0.2408880363130494,23127.2
"2022-08-08 00:00:00",0.2260435275323486,23703.51
"2022-08-09 00:00:00",0.2708784156691998,23402.37
"2022-08-10 00:00:00",0.276434775836266,23445.67
"2022-08-11 00:00:00",0.3970859551290706,24381.31
"2022-08-12 00:00:00",0.29446286563069485,24034.3
"2022-08-13 00:00:00",0.28282447844046743,24599.18
"2022-08-14 00:00:00",0.34654897452184447,24586.5
"2022-08-15 00:00:00",0.2802199733759682,24493.29
"2022-08-16 00:00:00",0.3564575832948863,23960.16
"2022-08-17 00:00:00",0.23264225579810444,23813.58
"2022-08-18 00:00:00",0.19860877827494394,23355.39
"2022-08-19 00:00:00",-0.019331174651192776,22002.01
"2022-08-20 00:00:00",-0.04338512322344184,21066.98
"2022-08-21 00:00:00",-0.000887044063296391,21409.33
"2022-08-22 00:00:00",0.0882319616810807,21216.59
"2022-08-23 00:00:00",0.1599502834949421,21286.04
"2022-08-24 00:00:00",0.217586648259317,21516.89
"2022-08-25 00:00:00",0.203047795007434,21563.09
"2022-08-26 00:00:00",0.042598717934379374,20989.32
"2022-08-27 00:00:00",0.08353956542199027,20095.93
"2022-08-28 00:00:00",-0.008094802006981873,19841.64
"2022-08-29 00:00:00",0.09650335063466242,19981.85
"2022-08-30 00:00:00",0.051652735835781796,20061.34
"2022-08-31 00:00:00",0.04913022926984091,20143.92
"2022-09-01 00:00:00",0.07923900644059996,19887.78
"2022-09-02 00:00:00",0.05941564571360049,20099.83
"2022-09-03 00:00:00",0.056186625361841186,19855.67
"2022-09-04 00:00:00",0.0891509442888069,19806.9
"2022-09-05 00:00:00",0.07108731884941008,19845.16
"2022-09-06 00:00:00",0.006819832576367938,19442.24
"2022-09-07 00:00:00",0.06288860889026325,19008.96
"2022-09-08 00:00:00",0.05190617447800557,19238.35
"2022-09-09 00:00:00",0.16224493377493354,20429.51
"2022-09-10 00:00:00",0.15059119262153203,21473.08
"2022-09-11 00:00:00",0.21997048149855278,21608.76
"2022-09-12 00:00:00",0.219270676946538,22025.13
"2022-09-13 00:00:00",0.20390866677717617,21341.13
"2022-09-14 00:00:00",0.18457234000564904,20091.39
"2022-09-15 00:00:00",0.13336817239085005,19931.65
"2022-09-16 00:00:00",0.06549638145734311,19618.32
"2022-09-17 00:00:00",0.08214650886893254,19973.16
"2022-09-18 00:00:00",-0.14055783298219646,19733.28
"2022-09-19 00:00:00",-0.07853736868567074,18986.84
"2022-09-20 00:00:00",-0.09474327833744502,19185.07
"2022-09-21 00:00:00",-0.1355412831148885,18967.35
"2022-09-22 00:00:00",-0.033566595396254735,18938.17
"2022-09-23 00:00:00",0.0076908837965602534,19020.41
"2022-09-24 00:00:00",0.021260624815190383,19060.86
"2022-09-25 00:00:00",-0.04161008637567423,18912.31
"2022-09-26 00:00:00",-0.018680513454776157,19002.68
"2022-09-27 00:00:00",-0.027454559471538888,19604.76
"2022-09-28 00:00:00",0.011195576585530762,19134.85
"2022-09-29 00:00:00",0.019740295540287382,19244.54
"2022-09-30 00:00:00",0.017049380610883822,19690.74
"2022-10-01 00:00:00",0.018436415212910784,19335.58
"2022-10-02 00:00:00",0.006260534669420717,19162.12
"2022-10-03 00:00:00",0.01672846593675651,19343.02
"2022-10-04 00:00:00",0.009963058515489776,19979.45
"2022-10-05 00:00:00",0.00591143078100537,20061.83
"2022-10-06 00:00:00",0.026398720279461236,20158
"2022-10-07 00:00:00",0.0068143965708488494,19695.04
"2022-10-08 00:00:00",0.002214852303495366,19449.57
"2022-10-09 00:00:00",0.059136384633348534,19442.13
"2022-10-10 00:00:00",0.10324151283170586,19289.38
"2022-10-11 00:00:00",0.1840174824314487,19061.26
"2022-10-12 00:00:00",0.4099480251666306,19104.53
"2022-10-13 00:00:00",0.2371823770548037,18866.95
"2022-10-14 00:00:00",0.28436880247439345,19516.06
"2022-10-15 00:00:00",0.17803983425972336,19107.85
"2022-10-16 00:00:00",0.1996552003813894,19245.21
"2022-10-17 00:00:00",0.23545168910991382,19417.75
"2022-10-18 00:00:00",0.15654048377140264,19396.61
"2022-10-19 00:00:00",0.10395309589441877,19217.35
"2022-10-20 00:00:00",0.1170153096410937,19133.54
"2022-10-21 00:00:00",0.3132959951290425,18972.42
"2022-10-22 00:00:00",0.2620653465789753,19185.65
"2022-10-23 00:00:00",0.23094612203523046,19384.74
"2022-10-24 00:00:00",0.2580440709076937,19378.64
"2022-10-25 00:00:00",0.20087490130138314,19828.97
"2022-10-26 00:00:00",-0.0492773096788355,20536.27
"2022-10-27 00:00:00",0.06718281489539907,20541.67
"2022-10-28 00:00:00",-0.061991881429294036,20391.5
"2022-10-29 00:00:00",-0.11939072978299128,20814.47
"2022-10-30 00:00:00",-0.04034260818313797,20729.91
"2022-10-31 00:00:00",0.033366337063726235,20538.11
"2022-11-01 00:00:00",0.10212700200377438,20510.47
"2022-11-02 00:00:00",0.1679283433657487,20431.37
"2022-11-03 00:00:00",0.20143434975185243,20213.12
"2022-11-04 00:00:00",0.11139584039476565,20739.14
"2022-11-05 00:00:00",0.08361395887664613,21278.63
"2022-11-06 00:00:00",0.17744829069950632,21128.46
"2022-11-07 00:00:00",-0.009320965067923851,20731.06
"2022-11-08 00:00:00",-0.10762156517348832,19062.56
"2022-11-09 00:00:00",-0.37704654537270144,17064.31
"2022-11-10 00:00:00",-0.16210239302249171,16894.04
"2022-11-11 00:00:00",-0.13933570779989837,17013.77
"2022-11-12 00:00:00",-0.1570713687145681,16835.66
"2022-11-13 00:00:00",-0.1849286203449116,16578.37
"2022-11-14 00:00:00",-0.14335066532809576,16477.76
"2022-11-15 00:00:00",-0.1221915505582306,16800.46
"2022-11-16 00:00:00",-0.11550529260593531,16680.87
"2022-11-17 00:00:00",-0.09305568807156797,16568.61
"2022-11-18 00:00:00",-0.0960126888904831,16753.46
"2022-11-19 00:00:00",-0.09084768895622417,16668.88
"2022-11-20 00:00:00",-0.13922102893979682,16449.6
"2022-11-21 00:00:00",-0.14179200884876503,15876.58
"2022-11-22 00:00:00",-0.095060677700662,15938.69
"2022-11-23 00:00:00",-0.0745107330013438,16410.64
"2022-11-24 00:00:00",-0.05239322954090189,16620.71
"2022-11-25 00:00:00",-0.010373661726112057,16471.29
"2022-11-26 00:00:00",-0.03183780734754294,16534.91
"2022-11-27 00:00:00",0.0004755433930912608,16494.54
"2022-11-28 00:00:00",0.027249078781599385,16239.29
"2022-11-29 00:00:00",0.01293693909312618,16312.55
"2022-11-30 00:00:00",0.0055752779955352055,16820.68
"2022-12-01 00:00:00",-0.005776920136306683,17060.57
"2022-12-02 00:00:00",-0.07314111555557463,16964.54
"2022-12-03 00:00:00",-0.0886533114490301,17010.58
"2022-12-04 00:00:00",-0.027402125593349556,17039.66
"2022-12-05 00:00:00",-0.02214096775010861,17144.29
"2022-12-06 00:00:00",-0.1615114249475183,17009.44
"2022-12-07 00:00:00",0.4726084183192779,16920.1
"2022-12-08 00:00:00",0.1336298718242199,17022.25
"2022-12-09 00:00:00",-0.014408770029743629,17198.39
"2022-12-10 00:00:00",0.07576531823696092,17161.98
"2022-12-11 00:00:00",0.10561288545660266,17170.03
"2022-12-12 00:00:00",0.07203138843554405,17060.44
"2022-12-13 00:00:00",-0.008793010077438396,17520.65
"2022-12-14 00:00:00",0.10130741840171464,18014.33
"2022-12-15 00:00:00",0.16812342311156853,17575.31
"2022-12-16 00:00:00",0.19224363594138322,17066.11
"2022-12-17 00:00:00",0.18456421025696904,16693.87
"2022-12-18 00:00:00",0.18650789444471771,16751.93
"2022-12-19 00:00:00",0.16890528282791642,16581.9
"2022-12-20 00:00:00",0.29402278636814316,16716.81
"2022-12-21 00:00:00",0.376258258272254,16830.36
"2022-12-22 00:00:00",0.28741214361180245,16716.04
"2022-12-23 00:00:00",0.24139883924651326,16835.39
"2022-12-24 00:00:00",0.24185493120266902,16818.65
"2022-12-25 00:00:00",0.25108236603913214,16793.65
"2022-12-26 00:00:00",0.25561588462441287,16861.82
"2022-12-27 00:00:00",0.24959804340765063,16783.17
"2022-12-28 00:00:00",0.24377005883500474,16619.67
"2022-12-29 00:00:00",0.2677666740194176,16568.62
"2022-12-30 00:00:00",0.28112385817127505,16501.01
"2022-12-31 00:00:00",0.268248407373558,16556.25
"2023-01-01 00:00:00",0.28527487933773316,16561.34
"2023-01-02 00:00:00",0.2833359023853053,16656.11
"2023-01-03 00:00:00",0.2879643701487683,16685.86
"2023-01-04 00:00:00",0.2704183403320103,16811.82
"2023-01-05 00:00:00",0.279504154943863,16817.24
"2023-01-06 00:00:00",0.28034655709791684,16850.6
"2023-01-07 00:00:00",0.311526783701674,16939
"2023-01-08 00:00:00",0.27098554079666415,17022.75
"2023-01-09 00:00:00",0.2790764030407923,17245.4
"2023-01-10 00:00:00",0.222289728142974,17316.47
"2023-01-11 00:00:00",0.08935132800368185,17655.58
"2023-01-12 00:00:00",-0.09732285827500145,18499.36
"2023-01-13 00:00:00",-0.5236783815578395,19354.84
"2023-01-14 00:00:00",-0.6015198728587758,20575.46
"2023-01-15 00:00:00",-0.5681456189810513,20811.68
"2023-01-16 00:00:00",-0.5177055060402428,21037.36
"2023-01-17 00:00:00",-0.3569097994948019,21210.8
"2023-01-18 00:00:00",-0.09880946037462655,21018.14
"2023-01-19 00:00:00",-0.1335967194780384,20925.71
"2023-01-20 00:00:00",-0.32476835807587934,21804.57
"2023-01-21 00:00:00",-0.2156178873136174,22896.48
"2023-01-22 00:00:00",-0.15300836266350867,22707.68
"2023-01-23 00:00:00",-0.1191093235541942,22870.17
"2023-01-24 00:00:00",-0.042544214012505306,22822.31
"2023-01-25 00:00:00",-0.009677974952457985,23077.82
"2023-01-26 00:00:00",0.049780043907067875,23069.21
"2023-01-27 00:00:00",0.09210028419101292,23039.8
"2023-01-28 00:00:00",0.11490386364061032,23038.64
"2023-01-29 00:00:00",0.07431758108374804,23464.73
"2023-01-30 00:00:00",0.16356488356356166,23186.82
"2023-01-31 00:00:00",0.16337510811355677,22998.28
"2023-02-01 00:00:00",0.13230239244357594,23296.12
"2023-02-02 00:00:00",0.22370292540717554,23826.11
"2023-02-03 00:00:00",0.25407498667756284,23470.34
"2023-02-04 00:00:00",0.2955872582921656,23425.53
"2023-02-05 00:00:00",0.32196964041725334,23113.33
"2023-02-06 00:00:00",0.3871473134454443,22901.72
"2023-02-07 00:00:00",0.35988518231486805,23047.95
"2023-02-08 00:00:00",0.4600861389729908,23048.12
"2023-02-09 00:00:00",0.4691410394176623,22370.92
"2023-02-10 00:00:00",0.4383032816966316,21717.7
"2023-02-11 00:00:00",0.3825013948915816,21754.37
"2023-02-12 00:00:00",0.21166424737443618,21870.55
"2023-02-13 00:00:00",0.11456697403315552,21651.34
"2023-02-14 00:00:00",0.12157052054258957,21947.99
"2023-02-15 00:00:00",-0.01271454628286282,23199.22
"2023-02-16 00:00:00",0.17230612954090196,24377.9
"2023-02-17 00:00:00",0.20247279589413672,24190.65
"2023-02-18 00:00:00",0.18112926319901632,24654.63
"2023-02-19 00:00:00",0.14233289651562883,24714.21
"2023-02-20 00:00:00",0.07548316512073769,24486
"2023-02-21 00:00:00",0.1094696443177134,24692.48
"2023-02-22 00:00:00",0.09022785763426047,24034.78
"2023-02-23 00:00:00",0.11122553605609428,24112.19
"2023-02-24 00:00:00",0.11616046731623413,23478.12
"2023-02-25 00:00:00",0.12101523482211646,23013.57
"2023-02-26 00:00:00",0.11722091269830982,23371
"2023-02-27 00:00:00",0.11731718126465818,23510.47
"2023-02-28 00:00:00",0.12408610578346141,23317.81
"2023-03-01 00:00:00",0.12629261491989752,23500.01
"2023-03-02 00:00:00",0.12220395466282662,23500.53
"2023-03-03 00:00:00",0.09677162522064969,22812.19
"2023-03-04 00:00:00",0.08716878629288151,22295.11
"2023-03-05 00:00:00",0.0883729966158518,22436.46
"2023-03-06 00:00:00",0.08968031937832671,22450.41
"2023-03-07 00:00:00",0.09261646731161507,22253.14
"2023-03-08 00:00:00",0.06293672531764784,21952.72
"2023-03-09 00:00:00",-0.06859529579084213,20970.86
"2023-03-10 00:00:00",0.002749848356046225,19984.17
"2023-03-11 00:00:00",-0.04807434375176961,20373.23
"2023-03-12 00:00:00",0.04203491404292418,21331.8
"2023-03-13 00:00:00",0.01207085310384658,23236.54
"2023-03-14 00:00:00",0.09984311585190857,25295.89
"2023-03-15 00:00:00",0.12755885913650483,24600.16
"2023-03-16 00:00:00",0.07980587226518804,24715.83
"2023-03-17 00:00:00",-0.0865849194524909,26364.92
"2023-03-18 00:00:00",-0.07959278202884539,27202.52
"2023-03-19 00:00:00",-0.11282017076147609,27675.04
"2023-03-20 00:00:00",-0.07991025859994248,27882.11
"2023-03-21 00:00:00",-0.11778326643412304,27954.85
"2023-03-22 00:00:00",-0.027500364954833042,27779.41
"2023-03-23 00:00:00",-0.07360209045636407,27999.38
"2023-03-24 00:00:00",-0.03939421699447552,27732.48
"2023-03-25 00:00:00",-0.03540083813481012,27499.65
"2023-03-26 00:00:00",-0.041148091924245976,27830.04
"2023-03-27 00:00:00",-0.03238835063036777,27304.95
"2023-03-28 00:00:00",-0.053822478308349665,27080.82
"2023-03-29 00:00:00",-0.08743776065752377,27951.37
"2023-03-30 00:00:00",-0.03450533056880259,28452.27
"2023-03-31 00:00:00",-0.06964903812681604,28095.85
"2023-04-01 00:00:00",-0.05834812252100729,28538.19
"2023-04-02 00:00:00",-0.017306066860524567,28209.66
"2023-04-03 00:00:00",-0.014566616717470844,27892.45
"2023-04-04 00:00:00",-0.018055371034528162,28056.04
"2023-04-05 00:00:00",-0.006669696536731237,28311.35
"2023-04-06 00:00:00",-0.008554986402636548,27958.5
"2023-04-07 00:00:00",0.03774591802346133,27950.86
"2023-04-08 00:00:00",0.21004822328531925,28014.91
"2023-04-09 00:00:00",0.18620822470902634,28180.06
"2023-04-10 00:00:00",0.3639923773449173,28980.39
"2023-04-11 00:00:00",0.17050820560984503,30082.98
"2023-04-12 00:00:00",-0.07806429828668315,30102.43
"2023-04-13 00:00:00",0.055237187863882056,30236.13
"2023-04-14 00:00:00",0.21981930548963755,30520.7
"2023-04-15 00:00:00",0.18327541545936493,30425.8