date,open,high,low,close,volume,RSI,RS,MACD,MACD_signal,MACD_histogram,BB_Upper,BB_Mid,BB_Low
4/16/2022,40552.31641,40633.67969,40078.42578,40424.48438,16833150693.0,0.0,0.0,-2.893792371796735,-1.607662428775964,-1.286129943020771,40671.38052581313,40488.974610000005,40306.56869418688
4/17/2022,40417.77734,40570.72656,39620.89453,39716.95313,19087633042.0,0.0,0.0,-25.627767587502603,-11.451967821696716,-14.175799765805888,41132.37021185234,40231.63411666667,39330.89802148099
4/18/2022,39721.20313,40986.32031,38696.19141,40826.21484,33705182072.0,62.02395291346399,1.6332387826497587,4.7099178774878965,-5.9770742921626345,10.68699216965053,41326.0117713035,40380.279297500005,39434.54682369651
4/19/2022,40828.17578,41672.96094,40618.63281,41502.75,25303206547.0,73.88056883774021,2.8285672983755847,48.01669776179915,10.08485218747854,37.93184557432061,41900.44307814039,40604.773438000004,39309.103797859614
4/20/2022,41501.74609,42126.30078,40961.09766,41374.37891,27819532341.0,68.97698816457242,2.223413655981726,67.65816830993572,25.69042187111794,41.96774643881778,42051.3238295689,40733.04101666666,39414.758203764424
4/21/2022,41371.51563,42893.58203,40063.82813,40527.36328,35372786395.0,45.21541977906862,0.8253311350881408,40.7178109496308,29.493453152628824,11.224357797001979,41917.08255459262,40703.65848285714,39490.234411121666
4/22/2022,40525.86328,40777.75781,39315.41797,39740.32031,28011716745.0,32.66743095542792,0.48516537270103394,-15.432826989381283,18.69682319561847,-34.129650184999754,41897.03937963137,40583.24121125,39269.44304286863
4/23/2022,39738.72266,39935.85938,39352.20313,39486.73047,16138021249.0,29.50186294334263,0.4184771991865943,-66.6627859131986,-1.021669979722743,-65.64111593347586,41891.329372223954,40461.406684444446,39031.48399666494
4/24/2022,39478.375,39845.92578,39233.53906,39469.29297,17964398167.0,29.267838653473262,0.4137840283161436,-102.9322706020248,-23.855560421365745,-79.07671018065906,41849.2084932753,40362.195313000004,38875.18213272471
4/25/2022,39472.60547,40491.75391,38338.37891,40458.30859,35445730570.0,54.066981019037065,1.1770831140327453,-75.00726287070574,-35.04726063972338,-39.96000223098236,41782.82755558209,40370.932883636364,38959.03821169064
4/26/2022,40448.42188,40713.89063,37884.98438,38117.46094,34569088416.0,27.090415925461656,0.3715617949180188,-182.09859773308563,-66.62772075242263,-115.470876980663,42055.291007334956,40183.143555,38310.99610266505
4/27/2022,38120.30078,39397.91797,37997.3125,39241.12109,30981015184.0,43.367113774563315,0.7657584959017144,-195.6313142232175,-93.92936310794556,-101.70195111527192,41977.738449368684,40110.68028846154,38243.622127554394
4/28/2022,39241.42969,40269.46484,38941.42188,39773.82813,33903704907.0,49.74915692819654,0.9900163636480674,-172.34623004762398,-110.33423017978556,-62.01199986783841,41889.44480510352,40086.61942,38283.794034896484
4/29/2022,39768.61719,39887.26953,38235.53516,38609.82422,30882994649.0,38.40189770318886,0.6234266360698727,-221.66067491909052,-133.41147758721561,-88.24919733187491,41885.42849979238,39988.16640666666,38090.904313540945
4/30/2022,38605.85938,38771.21094,37697.94141,37714.875,23895713731.0,31.725541555195534,0.4646765756603343,-310.5725123369484,-169.8698978362115,-140.70261450073693,42002.84097462537,39846.08569375,37689.33041287463
5/1/2022,37713.26563,38627.85938,37585.78906,38469.09375,27002760110.0,41.934574382480186,0.722195246767079,-327.8515140224845,-202.19409733761393,-125.65741668487055,41957.575970884485,39765.08616764706,37572.596364409634
5/2/2022,38472.1875,39074.97266,38156.5625,38529.32813,32922642426.0,42.75491256280588,0.7468747883338287,-333.2618901532114,-228.8885402330403,-104.37334992017114,41901.79034016889,39696.43294333333,37491.07554649778
5/3/2022,38528.10938,38629.99609,37585.62109,37750.45313,27326943244.0,35.06743475924783,0.5400592850325163,-383.33018575240567,-260.22852613314217,-123.1016596192635,41915.78600664723,39594.0129531579,37272.23989966857
5/4/2022,37748.01172,39902.94922,37732.05859,39698.37109,36754404490.0,57.825384287369786,1.3710945152738538,-290.3206720655144,-266.31715240119615,-24.00351966431822,41859.56067260328,39599.230859999996,37338.901047396714
5/5/2022,39695.74609,39789.28125,35856.51563,36575.14063,43106256317.0,34.5360251819866,0.52755771824114,-421.61004962641164,-297.66486344772517,-123.94518617868647,41984.12609967981,39400.3146495,36816.503199320185
5/6/2022,36573.18359,36624.35938,35482.13281,36040.92188,37795577489.0,31.89901041658389,0.46840744329436174,-554.0654534818677,-349.326174649051,-204.73927883281675,42118.63287276049,39181.136524500005,36243.64017623952
5/7/2022,36042.50391,36129.92578,34940.82422,35501.95313,24375896406.0,29.19974851706543,0.41242436157311707,-686.8387927390577,-417.229528922421,-269.60926381663666,42321.68423220235,38970.3865245,35619.088816797645
5/8/2022,35502.94141,35502.94141,33878.96484,34059.26563,36763041910.0,22.95929342121076,0.2980150941078191,-881.0342995877072,-510.4306127298174,-370.6036868578898,42518.14419490419,38632.039064,34745.9339330958
5/9/2022,34060.01563,34222.07422,30296.95313,30296.95313,63355494961.0,13.757905810249738,0.15952657387910282,-1283.1900647387083,-665.5685978685871,-617.6214668701213,43236.15766463088,38071.7492205,32907.34077636912
5/10/2022,30273.6543,32596.30859,29944.80273,31022.90625,59811038817.0,21.081257961074016,0.26712612766528726,-1530.2360953270327,-839.0263412216551,-691.2097541053776,43359.961617784356,37554.1755875,31748.38955721565
5/11/2022,31016.18359,32013.40234,28170.41406,28936.35547,70388855818.0,16.305635530337327,0.1948235778317876,-1852.7377757204304,-1042.2600169975312,-810.4777587228991,43761.89462253087,36974.625197,30187.355771469138
5/12/2022,28936.73438,30032.43945,26350.49023,29047.75195,66989173272.0,17.50291577151718,0.21216405325358323,-2074.64224181138,-1249.136619506296,-825.5056223050838,43955.427555172064,36439.996779,28924.566002827938
5/13/2022,29030.91016,30924.80273,28782.33008,29283.10352,42841124537.0,20.390222273007495,0.25612710969916425,-2206.686981635372,-1440.9434987015688,-765.7434829338031,43943.237180559445,35929.81543150001,27916.39368244057
5/14/2022,29285.64258,30192.80273,28702.91016,30101.26563,28579868620.0,30.532580900050704,0.43952375510195085,-2224.7345542147923,-1597.896007599244,-626.8385466155482,43695.83480391727,35461.4140645,27226.99332508273
5/15/2022,30098.58594,31308.19141,29527.74023,31305.11328,25835372065.0,43.28958725892945,0.7633445987526462,-2125.0081598557117,-1703.422946869214,-421.5852129864977,43084.8411908977,35003.75429900001,26922.66740710232
5/16/2022,31304.375,31305.3418,29251.88477,29862.91797,32613897286.0,34.2481327444428,0.520869355866821,-2128.665514932847,-1788.538896284669,-340.12661864817824,42843.873429101586,34591.0271505,26338.180871898414
5/17/2022,29862.4082,30694.49023,29570.30273,30425.85742,29101473475.0,40.107443839424626,0.6696565718767163,-2065.246998741288,-1843.9156159419485,-221.33138279933928,42298.36432198363,34150.263967,26002.163612016368
5/18/2022,30424.47852,30618.7168,28720.27148,28720.27148,31285268319.0,30.29285959434371,0.4345732649202986,-2118.835851732041,-1898.9275574682451,-219.90829426379605,41638.4174728821,33597.5861345,25556.7547961179
5/19/2022,28720.35938,30430.75195,28708.95508,30314.33398,33773447707.0,45.30404846375253,0.8282888804618226,-2017.017897807793,-1922.5552100507077,-94.46268775708518,40987.36571916159,33182.8116225,25378.257525838402
5/20/2022,30311.11914,30664.97656,28793.60547,29200.74023,30749382605.0,38.37614463754037,0.6227481940527623,-1997.8924389078384,-1937.6275470751452,-60.26489183269314,40448.80001781476,32757.104884,25065.409750185237
5/21/2022,29199.85938,29588.86914,29027.39453,29432.22656,17274840442.0,40.64045126893397,0.6846489257029115,-1942.4614143320468,-1938.5945715804407,-3.8668427516061,39637.45552778331,32305.261524499998,24973.067521216683
5/22/2022,29432.47266,30425.86133,29275.18359,30323.72266,21631532270.0,49.257076461112646,0.9707181420748053,-1809.1485312974983,-1912.6999854287192,103.55145413122091,38656.886469732555,31894.981251,25133.076032267447
5/23/2022,30309.39648,30590.58594,28975.56055,29098.91016,31483454557.0,39.74526175297285,0.659620519634965,-1777.2747798282435,-1885.6104432863979,108.33566345815439,37736.41017972321,31462.404102499997,25188.398025276783
5/24/2022,29101.125,29774.35547,28786.58984,29655.58594,26616506245.0,45.48658622479768,0.8344108921956587,-1689.400818530139,-1846.3633014951838,156.96248296504473,35931.03278727184,30960.264845000005,25989.49690272817
5/25/2022,29653.13477,30157.78516,29384.94922,29562.36133,27525063551.0,44.6319597559411,0.8060960720156642,-1608.3771108976907,-1798.7610014308925,190.3838905332018,34848.14316484961,30609.62588,26371.108595150396
5/26/2022,29564.77734,29834.16016,28261.90625,29267.22461,36774325352.0,41.658445835351095,0.7140441565506552,-1549.1908507609442,-1748.8427247195648,199.65187395862063,33684.31418595086,30270.9410165,26857.567847049137
5/27/2022,29251.14063,29346.94336,28326.61328,28627.57422,36582005748.0,35.50625793181642,0.5505380335084102,-1534.401647174178,-1705.951590191132,171.5499430169541,32368.839968494925,29927.222071000004,27485.604173505082
5/28/2022,28622.625,28814.90039,28554.56641,28814.90039,35519577634.0,38.688306964321576,0.6310102534896261,-1490.76889873037,-1662.912708639382,172.1438099090119,31194.050468128968,29665.003808999998,28135.95714987103
5/29/2022,29019.86719,29498.00977,28841.10742,29445.95703,18093886409.0,48.883619007002004,0.9563200300447359,-1390.6507841464809,-1608.4579519016322,217.80716775515134,31124.581221016702,29622.454004,28120.326786983296
5/30/2022,29443.36523,31949.63086,29303.57227,31726.39063,39277993274.0,70.29994027352575,2.3669965959988057,-1119.3019121170546,-1510.6233349058648,391.3214227888102,31322.015112217057,29657.628223,27993.241333782942
5/31/2022,31723.86523,32249.86328,31286.1543,31792.31055,33538210634.0,70.7253978506809,2.415930282841639,-888.8668100063878,-1386.268563420878,497.40175341449026,31680.357831183508,29800.425977,27920.49412281649
6/1/2022,31792.55469,31957.28516,29501.58789,29799.08008,41135817341.0,46.53654880365657,0.8704366770628417,-853.571642771989,-1279.7268033304554,426.1551605584664,31684.322562123052,29837.992383499997,27991.662204876942
6/2/2022,29794.89063,30604.73438,29652.70508,30467.48828,29083562061.0,53.00443248958197,1.1278602493273835,-763.9857775178898,-1176.5767579096384,412.59098039174864,31744.5805573958,29897.2116215,28049.8426856042
6/3/2022,30467.80664,30633.03516,29375.68945,29704.39063,26175547452.0,45.468523338343935,0.8338032659642834,-744.7564709636717,-1090.2114678738355,345.4549969101638,31724.033905099193,29877.367871500006,28030.70183790082
6/4/2022,29706.13867,29930.56445,29500.00586,29832.91406,16588370958.0,46.99170171220323,0.8864970812130629,-711.11809946426,-1014.3919284858193,303.2738290215593,31523.82424955288,29803.7579105,28083.69157144712
6/5/2022,29835.11719,30117.74414,29574.44922,29906.66211,17264085441.0,47.991985570226035,0.9227805771171912,-670.8610887402392,-945.6851329423647,274.8240442021255,31526.43939685687,29805.9451175,28085.45083814313
6/6/2022,29910.2832,31693.29102,29894.1875,31370.67188,31947336829.0,64.12065610128235,1.787118969685899,-516.7118141948522,-859.8898422430731,343.1780280482209,31693.08987377973,29853.185840500002,28013.281807220275
6/7/2022,31371.74219,31489.68359,29311.68359,31155.47852,40770974039.0,60.79510919803594,1.5507021688985365,-406.9812332561778,-769.3075909012596,362.32635764508177,31821.47249906331,29974.9461925,28128.419885936688
6/8/2022,31151.48047,31253.69141,29944.4043,30214.35547,30242059107.0,47.78795342406513,0.9152668121247549,-390.4433179857988,-693.5343819416266,303.09106395582785,31813.143295679816,29969.947267,28126.751238320183
6/9/2022,30215.2793,30609.31055,30020.26563,30111.99805,21692004719.0,46.48980139709957,0.8688026322253206,-381.09364035540057,-631.045999827587,249.95235947218646,31823.358225622185,30015.510158,28207.662090377817
6/10/2022,30110.33008,30245.80859,28978.14648,29083.80469,29867476527.0,35.021908198360734,0.538980250532337,-450.4918924797894,-594.9350702724055,144.4431777926161,31836.06735613949,29998.089064500004,28160.110772860517
6/11/2022,29084.66602,29401.91602,28236.21289,28360.81055,27246574439.0,28.988152585070893,0.40821572231025505,-556.7701007025171,-587.3020580809947,30.531957378477614,31869.62269820843,29899.943458999995,27930.26421979156
6/12/2022,28373.51367,28502.68555,26762.64844,26762.64844,34163220274.0,19.895795008391886,0.24837391508318712,-759.8948005190905,-621.8206726931426,-138.07412782594793,32182.969499161758,29783.130373,27383.291246838242
6/13/2022,26737.57813,26795.58984,22141.25781,22487.38867,68204556440.0,9.913780560165065,0.11004769233085761,-1248.2613612259665,-747.1090024035138,-501.1523588224527,33476.978074152394,29424.7205095,25372.462944847604
6/14/2022,22487.98633,23018.95117,20950.81836,22206.79297,50913575242.0,9.536933275847588,0.10542350178032778,-1638.787321126325,-925.4448847872317,-713.3424363390933,34235.29933322536,29056.942091499997,23878.584849774634
6/15/2022,22196.73047,22642.67188,20178.37695,22572.83984,54912007015.0,14.617717829675655,0.1712031753908332,-1897.051143505636,-1119.7663271208285,-777.2848163848075,34653.96967269902,28722.222852999996,22790.47603330097
6/16/2022,22576.30469,22868.92188,20265.22656,20381.65039,31183975654.0,10.415599885929623,0.11626577699540469,-2251.252084248361,-1346.0636561077542,-905.1884281406067,35318.01408342096,28309.926661499998,21301.839239579036
6/17/2022,20385.71875,21243.3125,20326.51953,20471.48242,27132421514.0,11.664865170020178,0.1320523842802952,-2495.933040133521,-1576.0376772699403,-919.8953628635807,35719.74957628403,27892.755763,20065.76194971597
6/18/2022,20473.42578,20736.04102,17708.62305,19017.64258,42009436760.0,9.178969912071992,0.10106656908851834,-2774.3972465484694,-1815.7097114813057,-958.6875350671637,36100.1358873928,27371.340040499996,18642.544193607195
6/19/2022,19010.90234,20683.82227,18067.15234,20553.27148,35329942625.0,28.494040450818517,0.3984848344174787,-2839.111592075111,-2020.3901698272707,-818.7214222478401,35794.40914449132,26812.684083,17830.959021508676
6/20/2022,20553.37109,20913.32227,19689.16992,20599.53711,30818458597.0,29.039646398246077,0.40923762247893175,-2853.7566454256885,-2187.0635185137035,-666.693126911985,35322.73682134079,26253.045411,17183.35400065921
6/21/2022,20594.29492,21620.62891,20415.0625,20710.59766,28970212744.0,30.56578154397417,0.44021207732513234,-2823.866926483952,-2314.4242328534774,-509.4426936304744,35029.53075523778,25798.621290000003,16567.711824762227
6/22/2022,20719.41406,20835.75,19848.07813,19987.0293,28574793478.0,26.166134939592467,0.35439205191526296,-2825.701454448543,-2416.6796982052197,-409.0217562433231,34579.15644136502,25274.598340999997,15970.040240634973
6/23/2022,19986.60742,21135.76172,19950.11719,21085.87695,26188097173.0,41.50911283687292,0.7096680329212113,-2707.630188590203,-2474.8698058574255,-232.76038273277754,34082.47749107031,24843.672657,15604.867822929687
6/24/2022,21084.64844,21472.91797,20777.51172,21231.65625,24957784918.0,43.38215274648886,0.7662275210189758,-2572.670015138159,-2494.4298502884635,-78.2401648496957,33473.57079895969,24413.6097665,15353.648734040313
6/25/2022,21233.60938,21520.91406,20964.58594,21502.33789,18372538715.0,47.15287361344655,0.8922504748610937,-2416.087615542976,-2478.761401689286,62.673786146309794,32755.32067687957,23993.3935555,15231.466434120424
6/26/2022,21496.49414,21783.72461,21016.26953,21027.29492,18027170497.0,41.352825887507194,0.7051119941122341,-2303.6331783105234,-2443.735754062628,140.1025757521047,31602.701589931406,23476.224707499998,15349.747825068589
6/27/2022,21028.23828,21478.08984,20620.19922,20735.47852,20965695707.0,37.9149373567524,0.6106933897227217,-2212.4721266179695,-2397.4830254562685,185.010898838299,30307.992271246425,22955.224707499998,15602.45714375357
6/28/2022,20731.54492,21164.42383,20228.8125,20280.63477,21381535161.0,32.81268281729814,0.48837614289719145,-2152.006133835668,-2348.3876444849307,196.3815106492625,29049.196623525262,22458.5386725,15867.880721474736
6/29/2022,20281.16992,20364.15625,19937.79102,20104.02344,23552740328.0,30.876621416658594,0.446688545170444,-2094.150199052685,-2297.5401532051287,203.3899541524438,27545.43741182566,21958.139942,16370.842472174343
6/30/2022,20108.3125,20141.16016,18729.65625,19784.72656,26267239923.0,27.37271411927084,0.37689297882097894,-2050.356248905995,-2248.1033706393014,197.74712173330636,26033.29910509351,21493.1860355,16953.07296590649
7/1/2022,19820.4707,20632.67188,19073.70898,19269.36719,30767551159.0,22.440405129098693,0.2893311287462365,-2033.6881196183276,-2205.2203192512347,171.53219963290712,24333.214343856198,21038.6138675,17744.013391143802
7/2/2022,19274.83594,19371.74805,19027.08203,19242.25586,18100418740.0,22.188014774881765,0.28514906425648323,-1999.6036388573884,-2164.0969822642323,164.4933434068439,22672.720104964923,20662.5942385,18652.46837203508
7/3/2022,19242.0957,19558.26953,18966.95117,19297.07617,16390821947.0,24.255141622975785,0.32022162484276445,-1945.7406836068367,-2120.425721761149,174.68503815431222,22407.02126418334,20503.0786135,18599.135962816665
7/4/2022,19297.31445,20258.74805,19063.06641,20231.26172,21594638208.0,50.91836128785956,1.0374217859043244,-1806.9750651960057,-2057.7355895620094,250.76052436600366,22132.997592684787,20404.302051,18675.60650931521
7/5/2022,20225.35352,20635.4668,19341.23242,20190.11523,26715546990.0,49.98830604109487,0.9995323510171547,-1680.9368453332281,-1982.3758398640985,301.43899453087033,21680.971215913305,20285.165820500002,18889.3604250867
7/6/2022,20194.61914,20595.5293,19823.51172,20548.24609,24598943708.0,58.00076637612669,1.380995827103801,-1534.505957844809,-1892.8018626499318,358.29590480512275,21693.70683644782,20293.4956055,18893.284374552182
7/7/2022,20547.81445,21771.81641,20296.10352,21637.58789,25814972520.0,73.49850587143163,2.7733721545986687,-1315.5184087689886,-1777.3451710381823,461.82676226919375,21874.93644322631,20351.800879,18828.665314773687
7/8/2022,21637.1543,22314.94141,21257.45313,21731.11719,49899834488.0,74.46914352845974,2.9168290382843978,-1121.5040350728887,-1646.1769430857116,524.672908012823,21993.540390152335,20487.4746095,18981.408828847667
7/9/2022,21716.82813,21877.13867,21445.95703,21592.20703,29641127858.0,69.90595390333638,2.322916422696864,-967.7851091296179,-1510.4985756660737,542.7134665364558,22124.63246597042,20539.421387000002,18954.210308029586
7/10/2022,21591.08008,21591.08008,20727.12305,20860.44922,28688807249.0,50.38801325138128,1.015641915464798,-894.6277221307064,-1387.3244045025974,492.69668237189103,22144.0427423835,20552.4669925,18960.891242616504
7/11/2022,20856.35352,20856.35352,19924.53906,19970.55664,24150249025.0,35.80099827479167,0.5576566194600823,-898.0276255582321,-1289.4650484236422,391.4374228654101,22125.860107843066,20515.4649415,18905.06977515693
7/12/2022,19970.47461,20043.44531,19308.53125,19323.91406,25810220018.0,28.585146874521556,0.400268930390383,-941.9889983242574,-1219.9698382389627,277.98083991470526,22164.23057423878,20482.3091795,18800.38778476122
7/13/2022,19325.97266,20223.05273,18999.95313,20212.07422,33042430345.0,46.393326833345164,0.8654393957467852,-894.908960717592,-1154.9576626113515,260.04870189375947,22099.794233550798,20438.619043,18777.4438524492
7/14/2022,20211.4668,20789.89453,19689.25781,20569.91992,31158743333.0,52.160978660893576,1.0903437654200951,-819.3015087037602,-1087.8264317279475,268.5249230241873,22026.063424346758,20405.5322265,18785.00102865324
7/15/2022,20573.15625,21138.24414,20397.0,20836.32813,25905575359.0,56.35603172792851,1.2912673608552612,-729.4922249780466,-1016.1595902909519,286.6673653129053,21923.767512271505,20372.2317385,18820.695964728493
7/16/2022,20834.10352,21514.4043,20518.89844,21190.31641,24302954056.0,61.70986232439698,1.611638559443365,-622.5972666035123,-937.4471254770077,314.84985887349546,21948.037879102623,20380.382813,18812.727746897377
7/17/2022,21195.04102,21600.64063,20778.17969,20779.34375,22927802083.0,52.702867145945525,1.1142930652598246,-564.5146676337026,-862.8606338503878,298.34596621668516,21952.444127287188,20382.5760745,18812.708021712813
7/18/2022,20781.91211,22633.0332,20781.91211,22485.68945,39974475562.0,72.61647744440694,2.6518311257064733,-376.5405661352852,-765.5966202469027,389.0560541116175,22321.02248841429,20492.828808500002,18664.635128585713
7/19/2022,22467.84961,23666.96289,21683.40625,23389.43359,48765202697.0,78.39722967635635,3.6290359292739724,-152.92491745775988,-643.062279628135,490.1373621703751,22884.930041711792,20657.099316,18429.268590288208
7/20/2022,23393.19141,24196.81836,23009.94922,23231.73242,42932549127.0,75.07843108397554,3.0125884665190727,11.440736670916522,-512.1616763162448,523.6024129871613,23293.889342548042,20829.449609,18365.009875451957
7/21/2022,23233.20117,23388.32227,22431.14844,23164.62891,33631012204.0,73.48988679534023,2.7721453404590757,134.7356786182354,-382.78220528816894,517.5178839064043,23583.386172666498,21024.212695000002,18465.039217333506
7/22/2022,23163.75195,23671.92773,22603.41602,22714.97852,31421555646.0,62.804591745166974,1.6885038958271517,193.9449509563019,-267.4367740099044,461.3817249662063,23718.910884952697,21197.848828000002,18676.786771047307
7/23/2022,22706.98438,22977.21094,22002.91016,22465.47852,24021799169.0,57.26095984055249,1.3397811375016313,218.2286450122374,-170.3036901856897,388.53233519792707,23770.34349488071,21356.2689455,18942.19439611929
7/24/2022,22465.50977,22974.00195,22306.83984,22609.16406,23565495303.0,59.718136080779026,1.4825067727882322,246.22475335268973,-86.9980014644381,333.22275481712785,23890.17085560054,21475.1640625,19060.15726939946
7/25/2022,22607.15625,22649.12109,21361.64258,21361.70117,35574561406.0,37.34780402851145,0.5961132478980864,165.87608847303272,-36.423183470350494,202.29927194338322,23873.159267089934,21533.7433595,19194.327451910067
7/26/2022,21361.12109,21361.12109,20776.81641,21239.75391,28624673855.0,35.775704494611844,0.5570431596499241,91.3099755499461,-10.876551663626767,102.18652721357287,23866.48428991902,21568.318750500002,19270.153211080986
7/27/2022,21244.16992,22986.5293,21070.80664,22930.54883,31758955233.0,62.228777936020045,1.647518256905003,166.6852178209774,24.635802236257103,142.04941558472032,24010.702040050262,21632.966797499997,19255.231554949733
7/28/2022,22933.64063,24110.4707,22722.26563,23843.88672,40212386158.0,70.18827579067522,2.3543849828290417,296.6779662000081,79.04423503263904,217.63373116736904,24314.201754622492,21738.605273999998,19163.008793377503
7/29/2022,23845.21289,24294.78711,23481.17383,23804.63281,35887249746.0,69.43365742685211,2.271572310644998,392.01215817544653,141.637819664543,250.37433851090353,24583.506331124827,21849.226562999997,19114.946794875166
7/30/2022,23796.81836,24572.58008,23580.50781,23656.20703,28148218301.0,66.20401254614941,1.958931149342891,450.3990781999746,203.39007137426736,247.00900682570725,24795.362238405924,21989.0144535,19182.666668594076
7/31/2022,23652.07031,24121.64258,23275.70313,23336.89648,23553591896.0,59.10651491686148,1.4453772965716893,465.5444795411604,255.8209530094378,209.7235265317226,24855.675744601103,22157.3314455,19458.987146398897
8/1/2022,23336.71875,23464.78711,22890.79688,23314.19922,25849159141.0,58.570910279833726,1.4137629060993684,470.2947441264623,298.7157112340155,171.57903289244683,24745.371541649038,22356.8457035,19968.31986535096
8/2/2022,23308.43359,23415.04102,22710.08398,22978.11719,28389250717.0,50.44809057393816,1.0180857036238644,441.85207702897605,327.34298439363374,114.50909263534231,24671.69259493838,22495.147852000002,20318.603109061623
8/3/2022,22981.30273,23578.65039,22747.83594,22846.50781,26288169966.0,47.361539629228794,0.8997516130910137,404.0356359217949,342.6815146995343,61.354121222260574,24591.012720421662,22608.977246500002,20626.941772578342
8/4/2022,22848.21484,23198.00977,22485.70117,22630.95703,25120229769.0,42.27778120697313,0.7324351366077512,352.6108631091374,344.66738438148275,7.9434787276546786,24496.79952233417,22698.708691500004,20900.617860665836
8/5/2022,22626.83398,23422.82813,22612.17773,23289.31445,28881249043.0,58.57504028507913,1.414003554576324,360.81280979152143,347.89646946352667,12.91634032799476,24471.34837717053,22803.6585935,21135.968809829472
8/6/2022,23291.42383,23326.5625,22961.2793,22961.2793,15978259885.0,50.114887497303556,1.0046060835203028,336.96261611917726,345.70969879463723,-8.747082675459978,24281.550487223787,22912.755371,21543.96025477621
8/7/2022,22963.50586,23359.00977,22894.55664,23175.89063,15886817043.0,55.19533906211665,1.231910651854699,331.554200097853,342.8785990552601,-11.324398957407084,24305.48689195497,22947.26543,21589.04396804503
8/8/2022,23179.52734,24203.68945,23176.54688,23809.48633,28575544847.0,67.0748777597079,2.0371944945317484,374.0753912693908,349.11795749812205,24.957433771268768,24367.64584580454,22968.268067,21568.89028819546
8/9/2022,23811.48438,23898.61523,22982.0,23164.31836,23555719219.0,50.66154898582833,1.0268167715941592,351.6660998554471,349.6275859695894,2.0385138858576966,24361.92588847359,22964.897364,21567.86883952641
8/10/2022,23162.89844,24127.41406,22771.51953,23947.64258,32837431722.0,63.62872282924566,1.7494222853523733,392.58212785481373,358.2184943466658,34.36363350814793,24466.97670821698,23004.0480475,21541.119386783022
8/11/2022,23948.3457,24822.62891,23900.99609,23957.5293,37127036580.0,63.772929372383885,1.7603667165892618,420.95346939913725,370.76548935719694,50.18798004194031,24581.996014015287,23066.175586499998,21550.35515898471
8/12/2022,23957.20313,24412.56641,23657.26563,24402.81836,27265804688.0,70.16599314419098,2.351879634650176,473.9028580307131,391.3929630919486,82.50989493876449,24762.532142192154,23163.0425785,21563.553014807847
8/13/2022,24402.1875,24860.05078,24346.11523,24424.06836,22987346289.0,70.46447549843003,2.385753315289339,511.68171474806513,415.4507134232171,96.23100132484802,24925.279615867992,23253.7877935,21582.295971132007
8/14/2022,24429.05664,24974.91406,24206.25977,24319.33398,22994133555.0,66.52786676193287,1.9875598094916815,527.0950691220642,437.77958456302,89.31548455904414,24880.57163182337,23401.669434,21922.767236176627
8/15/2022,24318.31641,25135.58984,23839.77539,24136.97266,35123501685.0,59.57389774989721,1.4736493115594822,518.6179000366974,453.9472476577749,64.67065237892251,24654.97346197834,23546.5303715,22438.08728102166
8/16/2022,24126.13672,24228.41602,23733.5,23883.29102,27753685646.0,50.723272128395855,1.029355525808468,485.83064464980635,460.3239270561873,25.506717593619044,24672.632032189398,23594.167481,22515.702929810603
8/17/2022,23881.31641,24407.05859,23243.35352,23335.99805,30931623076.0,36.63339507192982,0.5781183182137304,410.95005017590665,450.44915168012363,-39.49910150421698,24646.397306354258,23568.773047500003,22491.148788645747
8/18/2022,23341.03906,23563.83203,23177.60156,23212.73828,23747613147.0,34.07526888951634,0.516881423944064,337.7675993920602,427.912841222497,-90.14524183043676,24622.026969306193,23539.178321,22456.329672693806
8/19/2022,23213.3125,23213.3125,20868.84766,20877.55273,40509610260.0,13.168956344744998,0.151661845699214,90.30896072433461,360.39206512283124,-270.08310439849663,25006.4293641769,23400.245606,21794.0618478231
8/20/2022,20872.8418,21350.80664,20856.73047,21166.06055,27595671000.0,20.408669395493988,0.2564182460638315,-81.58419381030762,271.99681333616866,-353.5810071464763,25183.854803799637,23291.7038095,21399.55281520036
8/21/2022,21160.39258,21668.8457,21103.19727,21534.12109,23102307723.0,29.4178286227515,0.41678837656493617,-185.96887236638213,180.40367619562966,-366.3725485620118,25251.384982946824,23202.699902999997,21154.01482305317
8/22/2022,21531.46289,21531.46289,20939.18359,21398.9082,31666498758.0,28.019654206485384,0.38926812448030695,-276.41813850286053,89.03931325590862,-365.45745175876914,25324.92608113198,23123.7394535,20922.552825868017
8/23/2022,21401.04492,21646.20313,20955.13867,21528.08789,31878280659.0,31.739115451804736,0.4649678313118765,-333.82829578413293,4.465791447883272,-338.2940872320162,25370.126130507408,23057.818457499998,20745.510784492588
8/24/2022,21526.45508,21783.07617,21195.00586,21395.01953,31962253368.0,29.833512938412497,0.42518179529533257,-385.6181673141,-73.55100030452596,-312.06716700957406,25419.740113118205,22996.021582499998,20572.30305188179
8/25/2022,21395.45898,21789.63672,21362.44141,21600.9043,31028679593.0,36.870700571785484,0.5840505265500661,-405.3764176177647,-139.91608376718227,-265.4603338505824,25408.810034216902,22911.601075,20414.392115783096
8/26/2022,21596.08594,21804.9082,20199.48242,20260.01953,42326789564.0,20.669486365539257,0.2605490046463099,-523.1986931157771,-216.5726056369091,-306.62608747886804,25540.39604347025,22776.538086499997,20012.680129529745
8/27/2022,20262.48047,20340.77539,19890.52344,20041.73828,30116729776.0,19.035540695064796,0.23510983533369278,-626.9594044606602,-298.64996540166607,-328.3094390589941,25632.551858460778,22619.830469,19607.109079539223
8/28/2022,20041.03516,20139.05469,19616.81445,19616.81445,24366810591.0,16.068294328065747,0.19144486817499268,-735.004675295826,-385.9209073805038,-349.0837679153222,25649.339957848515,22410.196875,19171.053792151488
8/29/2022,19615.1543,20357.46289,19600.78516,20297.99414,32637854078.0,35.430254194917936,0.5487129266680392,-756.9415559204972,-460.12503708850636,-296.81651883199083,25617.26596881528,22266.880664,18916.49535918472
8/30/2022,20298.61133,20542.64453,19617.64063,19796.80859,34483360283.0,29.435025212154656,0.41713364598586633,-805.4821266387735,-529.1964549985627,-276.2856716402108,25484.753647741232,22059.3389645,18633.924281258765
8/31/2022,19799.58203,20420.99023,19799.58203,20049.76367,33225232872.0,35.99458007635124,0.5623676888502365,-814.1548336401647,-586.1881307268849,-227.96670291327985,25279.262860341478,21863.950683,18448.63850565852
9/1/2022,20050.49805,20198.39063,19653.96875,20127.14063,30182031010.0,38.1065107054709,0.6156788240542648,-805.4991395859688,-630.0503324987028,-175.448807087266,24928.879191477678,21650.1667965,18371.454401522325
9/2/2022,20126.07227,20401.56836,19814.76563,19969.77148,29123998928.0,35.26653350981323,0.5447959984525073,-802.0915487202765,-664.4585757430183,-137.6329729772582,24512.200397541204,21427.4519525,18342.703507458795
9/3/2022,19969.71875,20037.00977,19698.35547,19832.08789,23613051457.0,32.707331269926314,0.48604598223207496,-801.2642384732644,-691.819708289068,-109.44453018419642,24045.434216206162,21203.089648,18360.74507979384
9/4/2022,19832.4707,19999.68945,19636.81641,19986.71289,25245861652.0,38.702021720103716,0.6313751742901561,-779.1502541289119,-709.285817457037,-69.86443667187496,23524.79757729595,20995.5766595,18466.355741704047
9/5/2022,19988.78906,20031.16016,19673.04688,19812.37109,28813460025.0,34.53897303875587,0.5276265075890801,-766.8526696378285,-720.7991878931953,-46.053481744633245,22974.15972379617,20792.030662999998,18609.901602203827
9/6/2022,19817.72461,20155.26953,18800.17188,18837.66797,43403978910.0,20.061489329149666,0.250961509800371,-826.2317978430801,-741.8857098831724,-84.34608795990778,22564.693176584824,20567.114158999997,18569.53514141517
9/7/2022,18837.68359,19427.17188,18644.4668,19290.32422,35239757134.0,35.19867001758695,0.5431782037056924,-827.2292452872971,-758.9544169639975,-68.27482832329963,22013.560646352846,20370.993456,18728.426265647155
9/8/2022,19289.94141,19417.35156,19076.71484,19329.83398,32194477850.0,36.45893124193061,0.5737853006650994,-815.4318497624445,-770.249903523687,-45.18194623875752,21980.91413714881,20293.6075185,18606.30089985119
9/9/2022,19328.14063,21439.41016,19310.96289,21381.15234,48469528171.0,71.2701756008235,2.480703488144759,-633.2599767715292,-742.8519181732553,109.5919414017261,22017.62513466413,20304.362108,18591.099081335873
9/10/2022,21376.91211,21760.27539,21168.72266,21680.53906,36913738894.0,73.78546469178082,2.8146775757892786,-459.43362543709736,-686.1682596260234,226.73463418892607,22048.165681416074,20311.683006500003,18575.200331583932
9/11/2022,21678.54297,21770.55273,21406.94531,21769.25586,34493951963.0,74.57693994651414,2.9334368006690283,-310.9321261610021,-611.121032933019,300.18890677201694,22122.50085266624,20330.2003895,18537.899926333765
9/12/2022,21770.14844,22439.18164,21603.89648,22370.44922,50212088965.0,79.58837689976143,3.899169434440087,-143.0833744415504,-517.5135012347251,374.43012679317474,22316.314433348645,20372.318456,18428.322478651357
9/13/2022,22371.48047,22673.82031,20062.66992,20296.70703,51091116622.0,43.82773485348779,0.780237982911556,-175.37282453421722,-449.08536589462346,273.71254136040625,22200.86586730474,20317.402831,18433.93979469526
9/14/2022,20184.55469,20467.20117,19793.39648,20241.08984,37872380889.0,43.20298673511568,0.7606559614962469,-203.10893856881012,-399.89008042946074,196.78114186065062,22033.334437955375,20249.412108,18465.489778044626
9/15/2022,20242.28906,20318.16602,19636.73438,19701.21094,36389011503.0,37.05089027065218,0.5885848176400579,-265.5918538605911,-373.03043511568677,107.4385812550957,22022.12058655748,20221.4716785,18420.822770442515
9/16/2022,19704.00586,19870.62891,19400.07617,19772.58398,30123362273.0,38.44153512325001,0.624471958490456,-305.82546917928266,-359.5894419284059,53.76397274912324,22018.316188770317,20208.013963499998,18397.71173822968
9/17/2022,19777.0332,20162.53125,19777.0332,20127.57617,24957448100.0,45.6127041015645,0.8386646798315376,-305.54403168951467,-348.78035988062766,43.23632819111299,22023.02899127985,20233.552049500002,18444.075107720153
9/18/2022,20127.23438,20127.23438,19387.49219,19419.50586,31254779144.0,35.66750041822951,0.5544242902126626,-358.3254906216025,-350.68938602882264,-7.636104592779873,22015.206881843184,20189.6276355,18364.04838915682
9/19/2022,19418.57227,19639.48047,18390.31836,19544.12891,40177002624.0,38.49960324502707,0.6260057703109694,-385.65360673029136,-357.6822301691164,-27.971376561174964,22017.455977759375,20176.9936515,18336.531325240627
9/20/2022,19545.5918,19602.45703,18813.45508,18890.78906,36791346508.0,30.149667443433174,0.43163241089821713,-454.78765050537913,-377.103314236369,-77.68433626901015,22047.265052240604,20119.044921,18190.824789759397
9/21/2022,18891.2832,19674.63086,18290.31445,18547.40039,46363793975.0,26.52175203583387,0.36094698459288244,-531.1624420794287,-407.915139804981,-123.24730227444775,22092.316135493642,20040.057909,17987.799682506356
9/22/2022,18534.65039,19456.91016,18415.5918,19413.55078,41135767926.0,46.138984977241776,0.8566304396184586,-515.8527503815749,-429.50266192029983,-86.35008846127505,22083.502791565206,20012.246873999997,17940.990956434787
9/23/2022,19412.40039,19464.67188,18617.55273,19297.63867,38896078052.0,44.24214001726778,0.7934691186313325,-507.2258280320748,-445.0472951426549,-62.1785328894199,22080.224790443917,19985.524413,17890.82403555608
9/24/2022,19296.99023,19310.19727,18861.97461,18937.01172,26149643168.0,38.35509361193007,0.6221940442325482,-523.4543557608231,-460.7287072662886,-62.72564849453448,22079.57584338731,19933.0393545,17786.502865612692
9/25/2022,18936.31055,19134.73242,18696.46875,18802.09766,23359966112.0,36.193038983959504,0.567227123931837,-540.9660611235195,-476.77617803773484,-64.18988308578463,22087.76468101431,19882.525683,17677.28668498569
9/26/2022,18803.90039,19274.87305,18721.28516,19222.67188,44148798321.0,47.30476752584849,0.8977048834361404,-514.9712144068071,-484.41518531154935,-30.55602909525777,22075.10189771848,19901.7758785,17728.44985928152
9/27/2022,19221.83984,20338.45508,18915.66797,19110.54688,58571439619.0,44.80836989795167,0.8118689340231808,-497.68068281166416,-487.06828481157237,-10.612398000091787,22078.21471312505,19892.7870115,17707.35930987495
9/28/2022,19104.62109,19688.34375,18553.29688,19426.7207,53071298734.0,53.170763779664135,1.1354181291680863,-453.24061163139413,-480.30275017553674,27.062138544142613,22078.229043188898,19897.6313475,17717.0336518111
9/29/2022,19427.7793,19589.26563,18924.35352,19573.05078,41037843771.0,56.80551467092288,1.315110348882506,-401.5847274727348,-464.55914563497646,62.97441816224165,21875.90682644061,19807.226269500003,17738.545712559397
9/30/2022,19573.43164,20109.84961,19265.66211,19431.78906,43975248085.0,52.1192396283406,1.0885215527861571,-367.8058462704612,-445.20848576207345,77.40263949161226,21570.177564601076,19694.7887695,17819.399974398922
10/1/2022,19431.10547,19471.1543,19231.08203,19312.0957,18719537670.0,48.0857539454153,0.9262535353948128,-346.6975604115287,-425.50630069196444,78.80874028043576,21177.66413086163,19571.9307615,17966.19739213837
10/2/2022,19311.84961,19370.30859,18970.62109,19044.10742,20765955327.0,39.8085162293358,0.6613645940513841,-347.5867037222488,-409.9223812980213,62.335677575772536,20339.30671051877,19405.6136715,18471.92063248123
10/3/2022,19044.06836,19653.54297,19025.22656,19623.58008,30484729489.0,58.39250584567982,1.4034131839111683,-298.0965601206917,-387.5572170625554,89.4606569418637,20214.48169752384,19371.957324,18529.43295047616
10/4/2022,19623.58398,20380.34375,19523.83984,20336.84375,35887278685.0,71.42419635765428,2.499464135868174,-199.02668005455052,-349.8511096609545,150.82442960640395,20240.875956710428,19376.7450195,18512.61408228957
10/5/2022,20335.90039,20343.74805,19801.80078,20160.7168,33223790572.0,65.35840333311987,1.8867029704669245,-133.18971191298988,-306.5188301113616,173.3291181983717,20322.6113252073,19399.7203125,18476.829299792702
10/6/2022,20161.03906,20408.39258,19900.08789,19955.44336,34711412966.0,58.41953691613571,1.404975620360659,-96.46527851165956,-264.50811979142117,168.0428412797616,20350.735556300962,19408.863281500002,18466.99100669904
10/7/2022,19957.55859,20041.08594,19395.79297,19546.84961,29227315390.0,46.601893952569654,0.8727255965066623,-99.1875886623493,-231.44401356560678,132.25642490325748,20262.343201576623,19379.8269535,18497.310705423377
10/8/2022,19546.32813,19601.69531,19299.41406,19416.56836,16437423167.0,43.25400871858752,0.762239018860098,-110.58290416890668,-207.2717916862668,96.68888751736011,20262.169499036158,19379.6800785,18497.190657963845
10/9/2022,19417.47852,19542.53906,19349.25977,19446.42578,16837262532.0,44.353412280064056,0.7970553828617599,-115.86886753610452,-188.99120685623436,73.12233932012984,20254.52876546548,19374.794922,18495.061078534523
10/10/2022,19446.41602,19515.4668,19102.97852,19141.48438,27425022774.0,35.84266643215285,0.558668268129454,-143.01563482018537,-179.79609244902457,36.7804576288392,20244.891101512643,19387.329688,18529.76827448736
10/11/2022,19139.0,19241.96094,18925.60352,19051.41797,28711532910.0,33.56025691497028,0.505123219275845,-169.83943971391272,-177.8047619020022,7.9653221880894876,20192.255048143117,19412.530567,18632.806085856886
10/12/2022,19052.64648,19203.19922,19029.75781,19157.44531,24950173846.0,39.04363949077125,0.64051789123565,-180.46173417002137,-178.33615635560605,-2.1255778144153226,20187.74702880831,19399.7252935,18611.70355819169
10/13/2022,19156.9668,19453.32813,18319.82227,19382.9043,44219840004.0,49.647672898538914,0.9860055285726462,-168.74218157762516,-176.4173614000099,7.6751798223847345,20190.606180019815,19403.988575000003,18617.37096998019
10/14/2022,19382.5332,19889.14648,19115.4082,19185.65625,38452356727.0,41.980637101793285,0.7235625316232288,-173.3720839739144,-175.80830591479082,2.4362219408764076,20179.469380269886,19416.4208015,18653.372222730115
10/15/2022,19185.4375,19212.54102,19019.25,19067.63477,16192235532.0,37.79039071590473,0.6074687038030692,-184.43856262148256,-177.5343572561292,-6.904205365353363,20156.100207449203,19429.697657,18703.2951065508
10/16/2022,19068.91406,19389.60352,19068.91406,19268.09375,17988916650.0,48.306843831167384,0.9344920568091188,-175.0159964017439,-177.03068508525214,2.01468868350824,20155.925881140123,19431.968750499997,18708.01161985987
10/17/2022,19268.5625,19635.80273,19173.33398,19550.75781,27472552998.0,59.804628803581494,1.4878486508145548,-143.09047229805583,-170.2426425278129,27.152170229757076,20163.41208628701,19453.979297,18744.546507712992
10/18/2022,19550.4668,19666.99414,19144.76953,19334.41602,30580012344.0,49.65994646681222,0.9864897428858082,-133.70496218982953,-162.93510646021625,29.230144270386717,20160.741826342735,19449.364063,18737.986299657266
10/19/2022,19335.02734,19348.41602,19127.6875,19139.53516,22425387184.0,41.965070481122396,0.7231002230729341,-140.3739829556689,-158.4228817593068,18.048898803637883,20149.539088262063,19427.688282,18705.837475737935
10/20/2022,19138.08594,19315.19922,18971.45898,19053.74023,24493974420.0,38.78976029531703,0.6337135826042088,-150.8433325062797,-156.9069719087014,6.0636394024217,20149.73119244494,19408.7858405,18667.840488555063
10/21/2022,19053.20313,19237.38477,18770.9707,19172.46875,32459287866.0,45.62246137218593,0.8389946018786895,-147.8555848063479,-155.0966944882307,7.24110968188279,20149.188994752752,19401.804493,18654.419991247247
10/22/2022,19172.38086,19248.06836,19132.24414,19208.18945,16104440957.0,47.72902739407459,0.913107696577738,-140.98027937636652,-152.27341146585786,11.293132089491337,20144.349045036997,19410.0085945,18675.668143963
10/23/2022,19207.73438,19646.65234,19124.19727,19567.00781,22128794335.0,64.36813487562729,1.806476721073985,-105.3633544585864,-142.89140006440357,37.52804560581717,20138.486161433048,19407.179981,18675.873800566955
10/24/2022,19567.76953,19589.125,19206.32422,19345.57227,30202235805.0,52.08896313998288,1.0872017504478668,-93.92200212271564,-133.097520476066,39.175518353350355,19943.544603539165,19357.616407,18771.688210460838
10/25/2022,19344.96484,20348.41211,19261.44727,20095.85742,47761524910.0,73.01754716271246,2.706112287234621,-24.03585480136826,-111.28518734112644,87.24933253975819,19922.018714504164,19354.373438,18786.728161495834
10/26/2022,20092.23633,20938.13477,20076.11719,20770.44141,58895950537.0,81.66077796203504,4.452794005819055,84.80511460203707,-72.06712695249374,156.8722415545308,20208.343433556838,19395.123340500002,18581.903247443166
10/27/2022,20772.80273,20854.04492,20255.37305,20285.83594,49625110402.0,63.990489350226845,1.7770441251644713,130.45496187727258,-31.562709186540463,162.01767106381305,20336.371850976295,19432.072657,18527.773463023706
10/28/2022,20287.95703,20724.98047,20086.06836,20595.35156,43994715910.0,69.11298475510478,2.2376064571835657,189.4245440939594,12.634741469559525,176.7898026243999,20534.06874478826,19491.011817,18447.95488921174
10/29/2022,20595.10352,20988.39453,20566.48438,20818.47656,40369840645.0,72.49740954978112,2.636021129755222,251.2662405607589,60.36104128779941,190.90519927295946,20759.07874492764,19559.614356,18360.149967072357
10/30/2022,20817.98242,20917.00586,20547.46289,20635.60352,31486345556.0,65.44455186033076,1.8938996709234162,282.26611927122576,104.74205688448471,177.52406238674104,20907.95545867691,19634.320313,18360.68516732309
10/31/2022,20633.69531,20795.32031,20287.45898,20495.77344,45668466815.0,60.08145952765513,1.5051016098466552,292.1825313023801,142.2301517680638,149.9523795343163,21004.57012022998,19706.5380865,18408.506052770023
11/1/2022,20494.89844,20647.28906,20359.8457,20485.27344,39819303159.0,59.64104970829127,1.4777651370319167,295.7844777280443,172.9410169600599,122.8434607679844,21088.422877267425,19772.929493,18457.436108732574
11/2/2022,20482.95898,20742.81055,20087.13477,20159.50391,55552169483.0,46.85410993441389,0.8816130443312234,269.2484434914295,192.20250226633385,77.04594122509565,21124.62281991705,19811.7594735,18498.896127082946
11/3/2022,20162.68945,20382.0957,20086.24023,20209.98828,43228750179.0,48.89180687795644,0.9566334454674517,249.4169874896652,203.64539931100015,45.77158817866504,21152.71423044908,19862.976075,18573.237919550917
11/4/2022,20208.76953,21209.56055,20188.01953,21147.23047,64072727950.0,72.43613081759506,2.6279376940242396,305.80291129346006,224.0769017074922,81.72600958596786,21320.45207869209,19966.955860000002,18613.459641307913
11/5/2022,21144.83203,21446.88672,21097.63477,21282.69141,37846047609.0,74.4755025626551,2.9178048557261667,357.3009830115334,250.72171796830042,106.57926504323297,21499.768780045706,20067.685743,18635.60270595429
11/6/2022,21285.05664,21345.37695,20920.19141,20926.48633,35082693210.0,60.37905186340455,1.5239173897415168,365.1614522593554,273.6096648265115,91.55178743284392,21595.908699128602,20136.472169,18677.0356388714
11/7/2022,20924.62109,21053.24609,20489.97266,20602.81641,53510852236.0,50.049537960365036,1.00198348356921,341.3387356184321,287.15547898489564,54.18325663353647,21622.345746228453,20199.892188499998,18777.438630771543
11/8/2022,20600.67188,20664.60742,17603.54492,18541.27148,118992000000.0,21.689272527103213,0.2769642579889179,154.33060431218837,260.5905040503542,-106.25989973816581,21706.879285053343,20169.9790045,18633.07872394666
11/9/2022,18543.76172,18590.45898,15682.69238,15880.78027,102905000000.0,11.552042930387572,0.13060836352947774,-206.17738771249788,167.23692569778373,-373.4143134102816,22433.494014647644,20011.3310065,17589.167998352357
11/10/2022,15883.1582,18054.3125,15834.01856,17586.77148,83202283721.0,34.94761731971357,0.5372227100653786,-350.18661419353157,63.75221771952065,-413.93883191305224,22564.5045497786,19932.046143,17299.587736221398
11/11/2022,17583.25195,17650.94336,16543.48242,17034.29297,55871616488.0,31.690082120882423,0.463916267282911,-503.0959810626118,-49.61742203690588,-453.478559025706,22745.262757031967,19823.351319,16901.439880968035
11/12/2022,17036.875,17066.67578,16651.77539,16799.18555,29717699419.0,30.25018402113311,0.4336955387853416,-635.9184857813598,-166.8776347857967,-469.0408509955631,22904.972146030883,19684.960205999996,16464.94826596911
11/13/2022,16799.72266,16920.76563,16320.63477,16353.36523,27209183682.0,27.41564978283472,0.3777074493442425,-768.2987788606915,-287.16186360077575,-481.1369152599158,23083.127246017266,19535.349854,15987.572461982736
11/14/2022,16352.02832,17109.32422,15872.94141,16618.19922,49630243054.0,31.960405193216687,0.46973244452699675,-842.1336340802591,-398.15621769667246,-443.9774163835866,23127.739281549882,19361.466944,15595.194606450117
11/15/2022,16617.48438,17051.96289,16542.55078,16884.61328,36599436183.0,36.74174278008952,0.5808212934536093,-869.132088128863,-492.3513917831106,-376.78069634575235,23027.157724179764,19167.1755375,15307.193350820235
11/16/2022,16884.3418,16960.29492,16430.11133,16669.43945,33925512989.0,34.398886594457906,0.5243643714064132,-897.5449467505241,-573.3901027765934,-324.1548439739307,22962.754906004127,18986.355713,15009.956519995874
11/17/2022,16670.42578,16726.43945,16460.68359,16687.51758,27868914022.0,34.81793030374969,0.5341642335998522,-908.1351709230476,-640.3391164058843,-267.79605451716327,22818.188365190363,18790.964014,14763.739662809641
11/18/2022,16687.91211,16947.05859,16564.61133,16697.77734,26862218609.0,35.10025964638352,0.5408382137607056,-905.2647939067392,-693.3242519060553,-211.94054200068388,22597.00716278527,18584.929053,14572.850943214728
11/19/2022,16696.2207,16797.87695,16570.41016,16711.54688,16106223492.0,35.54984824713274,0.5515867268000841,-891.6010902492817,-732.9796195747007,-158.62147067458102,22362.1655392772,18388.726220999997,14415.286902722792
11/20/2022,16712.91992,16746.7793,16248.69238,16291.83203,21313378652.0,28.362971328617718,0.39592612723688003,-904.2167381906911,-767.2270432978988,-136.98969489279227,22127.35192437142,18178.5291505,14229.706376628576
11/21/2022,16291.22363,16291.22363,15599.04688,15787.28418,37429485518.0,21.95905814856559,0.28137869210200944,-944.0451583284812,-802.5906663040154,-141.45449202446582,21873.57234972572,17943.6296875,14013.687025274281
11/22/2022,15782.30078,16253.04785,15656.60645,16189.76953,30726828760.0,35.828654401501325,0.558327927634099,-932.3843192275817,-828.5493968887287,-103.83492233885306,21604.21625893622,17745.142968499997,13886.069678063774
11/23/2022,16195.58887,16638.19336,16170.50293,16610.70703,32958875628.0,47.53143999036258,0.9059032681977932,-879.0438130652983,-838.6482801240428,-40.39553294125551,21273.004566259053,17565.178906,13857.35324574095
11/24/2022,16611.63672,16771.47461,16501.76758,16604.46484,26129037414.0,47.37768735369129,0.9003345723729741,-827.7331773281512,-836.4652595648647,8.732082236713495,20658.246863612843,17338.040624499998,14017.83438538715
11/25/2022,16602.26953,16603.31641,16388.4043,16521.8418,18678255976.0,45.062417991597904,0.8202475672246752,-784.6906915964646,-826.1103459711848,41.41965437472015,19865.786552955164,17099.998144,14334.209735044838
11/26/2022,16521.57617,16666.86328,16416.22852,16464.28125,18000008764.0,43.29370474277804,0.7634726364400304,-746.6173269420833,-810.2117421653646,63.59441522328132,18984.622601045634,16876.887889999998,14769.153178954364
11/27/2022,16463.88281,16594.40625,16437.02539,16444.62695,20443898509.0,42.608449200526614,0.7424167600802588,-709.8471724994561,-790.138828232183,80.2916557327269,17842.535390930017,16668.978417,15495.42144306998
11/28/2022,16440.22266,16482.93359,16054.53027,16217.32227,27743025156.0,34.934565766961455,0.536914356735709,-691.0817871129802,-770.3274200083425,79.24563289536229,17343.562825068053,16552.7809565,15761.999087931945
11/29/2022,16217.63965,16522.25781,16139.39648,16444.98242,23581685468.0,46.51251265957533,0.8695961424312821,-650.343062878379,-746.3305485823499,95.98748570397095,17308.563122414005,16580.991064,15853.419005585996
11/30/2022,16445.47656,17190.9375,16445.47656,17168.56641,29523576583.0,68.13715546896412,2.138451744400767,-553.2921433485608,-707.7228675355922,154.4307241870314,17182.363703329967,16560.0808105,15937.797917670032
12/1/2022,17168.00195,17197.49805,16888.38867,16967.13281,22895392882.0,60.029657923118556,1.5018549955778153,-487.01855148557297,-663.5820043255884,176.56345284001543,17168.87339071411,16556.7228025,15944.572214285889
12/2/2022,16968.68359,17088.66016,16877.88086,17088.66016,19539705127.0,63.19978413088954,1.7173753642010148,-419.8502389102541,-614.8356512425216,194.98541233226752,17220.07232493861,16571.196533000002,15922.320741061392
12/3/2022,17090.09766,17116.04102,16888.14063,16908.23633,16217776704.0,55.3752971382032,1.240911279783781,-376.83365842356216,-567.2352526787298,190.40159425516765,17255.99736657233,16598.940088,15941.882809427669
12/4/2022,16908.16992,17157.76758,16903.43945,17130.48633,16824520830.0,62.27860365089555,1.6510153302523254,-321.1074641740197,-518.0096949777878,196.90223080376813,17323.386380054963,16624.5544435,15925.72250694504
12/5/2022,17128.89453,17378.15234,16922.43164,16974.82617,22209086834.0,55.112999447268294,1.2278164895986632,-286.2053306925045,-471.64882212073115,185.44349142822665,17336.08129782325,16629.065088,15922.04887817675
12/6/2022,16975.23828,17091.86328,16939.92188,17089.50391,19889922369.0,59.257260249896504,1.4544250242706367,-246.45067339239904,-426.60919237506477,180.15851898266573,17386.48105806599,16650.068311000003,15913.655563934015
12/7/2022,17089.50586,17109.37695,16750.55859,16848.12695,19675404389.0,48.051708199892786,0.924991112023314,-231.75044932828314,-387.6374437657085,155.88699443742536,17399.715469391023,16658.0987795,15916.482089608977
12/8/2022,16847.34961,17267.91602,16788.7832,17233.47461,20496603770.0,61.86631720757811,1.6223535907702176,-186.85216504112395,-347.4803880207916,160.62822297966767,17469.95650248829,16684.883643,15899.810783511712
12/9/2022,17232.14844,17280.54688,17100.83594,17133.15234,20328426366.0,57.12076039692348,1.3321309082361885,-157.548993230419,-309.49410906271714,151.94511583229814,17516.28658898209,16705.963916,15895.64124301791
12/10/2022,17134.2207,17216.82617,17120.68359,17128.72461,12706781969.0,56.889643789960154,1.3196282469294764,-133.1484468431263,-274.22497661879896,141.07652977567267,17554.512089194195,16747.808545,15941.105000805806
12/11/2022,17129.71094,17245.63477,17091.82031,17104.19336,14122486832.0,55.39938426915779,1.2421215124805556,-114.47075724343813,-242.2741327437268,127.80337550028867,17495.57867651991,16813.654004000004,16131.729331480099
12/12/2022,17102.5,17212.56445,16899.39453,17206.4375,19617581341.0,60.565930102573844,1.5358782458953588,-90.37650206604303,-211.89460660819003,121.518104542147,17500.629943623677,16864.487402500003,16228.34486137633
12/13/2022,17206.44141,17930.08594,17111.76367,17781.31836,26634741631.0,77.86582446312259,3.5179003768806085,-24.609863464946102,-174.43765797954126,149.82779451459515,17667.09992725425,16923.017969,16178.936010745749
12/14/2022,17782.06641,18318.53125,17739.51367,17815.65039,25534481470.0,78.54049904303297,3.659940610945757,29.93589693816466,-133.56294699600008,163.49884393416474,17810.98198218938,16983.5772465,16156.172510810622
12/15/2022,17813.64453,17846.74414,17322.58984,17364.86523,20964448341.0,53.058347646846926,1.1303042178335887,36.369959951520286,-99.576365606496,135.94632555801627,17839.878257134926,17025.728418000002,16211.57857886508
12/16/2022,17364.54688,17505.52539,16584.70117,16647.48438,24031608960.0,32.76037351333029,0.48721825544086067,-16.230542041594163,-82.90720089351564,66.67665885192147,17826.244143416436,17034.8885745,16243.533005583568
12/17/2022,16646.98242,16800.58984,16614.0293,16795.0918,14463581825.0,38.56353735252418,0.6276978799024101,-45.481847284372634,-75.42213017168704,29.94028288731441,17803.216255804484,17052.411817,16301.607378195517
12/18/2022,16795.60938,16815.38672,16697.82031,16757.97656,10924354698.0,37.584775948393144,0.6021732120566752,-70.84198479726547,-74.50610109680274,3.6641162995372696,17736.761552875396,17079.444531499998,16422.1275101246
12/19/2022,16759.04102,16807.52734,16398.13672,16439.67969,17221074814.0,29.800974091709662,0.4245211910866449,-115.2949255290805,-82.66386598325829,-32.63105954582221,17737.577353659763,17079.179395,16420.781436340236
12/20/2022,16441.78711,17012.98438,16427.86719,16906.30469,22722096615.0,48.546942297881735,0.9435190922751149,-111.58517923742693,-88.44812863409203,-23.1370506033349,17727.408478027144,17066.066309,16404.72413997286
12/21/2022,16904.52734,16916.80078,16755.91211,16817.53516,14882945045.0,45.757506900389004,0.8435730786997538,-114.48838688188334,-93.6561802836503,-20.832206598233043,17727.974973646036,17058.5864265,16389.19787935396
12/22/2022,16818.38086,16866.67383,16592.4082,16830.3418,16441573050.0,46.29176100356385,0.8619117265534543,-114.43665649914328,-97.8122755267489,-16.624380972394377,17722.54251534086,17045.6705085,16368.798501659137
12/23/2022,16829.64453,16905.21875,16794.45898,16796.95313,15329265213.0,44.907950497584075,0.8151439436939942,-115.7554891927939,-101.40091825995792,-14.354570932835983,17723.53310478514,17040.1063485,16356.679592214863
12/24/2022,16796.97656,16864.70313,16793.52734,16847.75586,9744636213.0,47.75930393389615,0.9142164544182744,-111.41697237803237,-103.40412908357284,-8.012843294459529,17713.21083331436,17025.969825,16338.728816685642
12/25/2022,16847.50586,16860.55469,16755.25391,16841.98633,11656379938.0,47.42479920933256,0.9020374339255188,-107.20838783621002,-104.16498083410028,-3.0434070021097455,17711.202159662313,17019.327833,16327.453506337686
12/26/2022,16842.25,16920.12305,16812.36914,16919.80469,11886957804.0,52.77797780338942,1.1176560288681923,-96.48158334939944,-102.62830133716012,6.146717987760681,17703.255614964713,17010.842872,16318.43012903529
12/27/2022,16919.29102,16959.8457,16642.07227,16717.17383,15748580239.0,40.03935172753552,0.6677604876050456,-103.14217166600065,-102.73107540292825,-0.41109626307239466,17705.606135923626,17004.295216,16302.98429607637
12/28/2022,16716.40039,16768.16992,16497.55664,16552.57227,17005713920.0,32.41325805221777,0.4795801235286702,-120.31578069737225,-106.24801646181707,-14.067764235555174,17690.56798290484,16970.250099,16249.932215095165
12/29/2022,16552.32227,16651.75586,16508.68359,16642.3418,14472237479.0,39.9041852519205,0.6640093893259967,-125.23866538596485,-110.04614624664663,-15.192519139318222,17676.032754825523,16945.709572,16215.386389174477
12/30/2022,16641.33008,16643.42773,16408.47461,16602.58594,15929162910.0,37.684505439797626,0.6047373242523334,-130.8398126951397,-114.20487953634523,-16.634933158794468,17659.802956495634,16919.4026385,16179.002320504365
12/31/2022,16603.67383,16628.98633,16517.51953,16547.49609,11239186456.0,34.493948644152425,0.5265765212555927,-138.13175587562728,-118.99025480420164,-19.141501071425637,17644.469009070974,16891.567775,16138.666540929025
1/1/2023,16547.91406,16630.43945,16521.23438,16625.08008,9244361700.0,42.69348713729848,0.745002356705706,-136.08162947811434,-122.40852973898417,-13.673099739130166,17609.079501002496,16862.499904,16115.920306997503
1/2/2023,16625.50977,16759.34375,16572.22852,16688.4707,12097775227.0,48.957775171805864,0.9591622492278807,-127.86781570409585,-123.50038693200652,-4.367428772089326,17418.96578223264,16807.857521,16196.749259767363
1/3/2023,16688.84766,16760.44727,16622.37109,16679.85742,13903079207.0,48.100457539463775,0.926799259859348,-120.66240769531214,-122.93279108466766,2.2703833893555156,17137.724114089586,16751.0678725,16364.411630910416
1/4/2023,16680.20508,16964.58594,16667.76367,16863.23828,18421743322.0,64.14268154375299,1.7888309640895121,-99.01340226328102,-118.14891332039032,19.135511057109298,16990.916707623066,16725.986525,16461.056342376934
1/5/2023,16863.47266,16884.02148,16790.2832,16836.73633,13692758566.0,60.879243546905975,1.5561877904866304,-83.03768857743853,-111.12666837179997,28.088979794361435,17002.08710906064,16735.449122500002,16468.811135939362
1/6/2023,16836.47266,16991.99414,16716.42188,16951.96875,14413662913.0,69.0858508154655,2.2347647481117567,-60.382475545116904,-100.97782980646336,40.59535426134646,17026.0605355701,16743.292970000002,16460.525404429904
1/7/2023,16952.11719,16975.01758,16914.19141,16955.07813,7714767174.0,69.29442187606476,2.2567372480783616,-41.696503676346765,-89.12156458044005,47.425060904093286,17051.386032382426,16753.1480485,16454.910064617572
1/8/2023,16954.14648,17091.14453,16924.05078,17091.14453,9768827914.0,77.32712456576765,3.4105565829121205,-15.727023690684291,-74.44265640248891,58.715632711804616,17082.10364995503,16785.7212905,16489.338931044975
1/9/2023,17093.99219,17389.95703,17093.99219,17196.55469,18624736866.0,81.76243556613728,4.483188304153395,13.207448013461544,-56.91263551929882,70.12008353276036,17145.8174651925,16800.2337905,16454.650115807497
1/10/2023,17192.94922,17484.7207,17162.99023,17446.29297,15808338949.0,88.28042091067908,7.532729651623897,55.64853565110025,-34.400401285219,90.04893693631925,17282.310915600014,16831.671681,16381.032446399986
1/11/2023,17446.35938,17934.89648,17337.99414,17934.89648,18372283782.0,93.62744971548396,14.692304577490603,127.24284684001395,-2.0717516601723966,129.31459850018635,17555.08010366593,16886.899415,16218.718726334073
1/12/2023,18117.59375,19030.08789,17995.20313,18869.58789,34971338710.0,96.88742112061287,31.12769985115693,256.4474726266744,49.63209319719699,206.81537942947745,18098.291655108304,16990.531153,15882.770650891696
1/13/2023,18868.90625,19964.32227,18753.16406,19909.57422,29225029694.0,98.150612343937,53.071951692854626,437.71556214698285,127.2487869871542,310.46677515982867,18851.84209731094,17143.622070999998,15435.402044689057
1/14/2023,19910.53711,21075.14258,19907.82813,20976.29883,38967784639.0,98.76668191927115,80.08208382131457,659.8413496999601,233.76729952971544,426.0740501702447,19761.032044685446,17350.337696000002,14939.643347314559
1/15/2023,20977.48438,20993.74805,20606.98633,20880.79883,19298407543.0,95.35417285740645,20.52469235955573,818.7337319765065,350.76058601907374,467.9731459574328,20417.412464760517,17548.387403,14679.362341239485
1/16/2023,20882.22461,21360.875,20715.74609,21169.63281,26792494050.0,95.87183515940545,23.22383888759582,956.9326540090879,471.9949996170766,484.93765439201127,21032.588290074804,17771.010352,14509.4324139252
1/17/2023,21175.83398,21438.66016,20978.5332,21161.51953,24999983362.0,95.51309842393118,21.287094625243554,1053.655734073196,588.3271465083006,465.32858756489543,21540.081353270696,18001.457715,14462.834076729303
1/18/2023,21161.05078,21564.50195,20541.54492,20688.78125,30005625418.0,75.70600707330169,3.1162438921311795,1079.717136485433,686.6051445037272,393.11199198170584,21875.42495340469,18203.7796875,14532.134421595309
1/19/2023,20686.74609,21163.01172,20685.38086,21086.79297,21152848261.0,79.91426087601221,3.9786567167236084,1119.5813680312094,773.2003892092237,346.38097882198576,22233.171785518676,18427.990039,14622.808292481324
1/20/2023,21085.37305,22692.35742,20919.12695,22676.55273,28799154319.0,89.02581187068596,8.112291389727673,1264.8737083898304,871.5350530453452,393.33865534448523,22874.43903859294,18734.442871,14594.446703407059
1/21/2023,22677.42773,23282.34766,22511.83398,22777.625,32442278429.0,89.3929102783101,8.427656654540689,1372.354968571046,971.6990361504853,400.6559324205606,23429.088506607397,19042.070117,14655.051727392603
1/22/2023,22777.98633,23056.73047,22387.90039,22720.41602,24746386230.0,87.40695474420693,6.940891021097363,1436.3608809233338,1064.6314051050551,371.7294758182786,23876.349853918582,19343.667383,14810.984912081418
1/23/2023,22721.08789,23126.48633,22654.30469,22934.43164,26518700512.0,88.54897383508079,7.732841804724448,1487.211649387853,1149.1474539616147,338.06419542623826,24277.4342278081,19656.396094,15035.357960191901
1/24/2023,22929.62695,23134.01172,22549.74414,22636.46875,26405069715.0,76.89815446430359,3.3286584981049407,1486.3345947217022,1216.5848821136324,269.7497126080698,24552.695710245313,19945.0576175,15337.419524754685
1/25/2023,22639.26758,23722.09961,22406.07617,23117.85938,30685366709.0,81.59344223913774,4.43284634200477,1507.1106893776014,1274.6900435664263,232.42064581117506,24830.79884985483,20259.11377,15687.42869014517
1/26/2023,23108.95508,23237.07813,22911.37305,23032.77734,26357839322.0,78.2216260831469,3.591711042421557,1499.4260345433395,1319.637241761809,179.78879278153045,25016.033480672864,20563.1541995,16110.274918327139
1/27/2023,23030.7168,23417.7207,22654.59375,23078.72852,25383335641.0,78.78968804310396,3.7146878463278488,1479.9834385943795,1351.7064811283233,128.27695746605627,25114.918509744508,20869.336719000003,16623.754928255497
1/28/2023,23079.96484,23165.89648,22908.8457,23031.08984,14712928379.0,76.31332159118801,3.2217823146869655,1444.0844907873943,1370.1820830601375,73.90240772725679,25120.089703303776,21166.333984499997,17212.57826569622
1/29/2023,23031.44922,23919.89063,22985.07031,23774.56641,27423687259.0,85.08976851013658,5.706803986778079,1458.8104034536482,1387.9077471388398,70.90265631480838,25140.94126476354,21495.2345705,17849.52787623646
1/30/2023,23774.64844,23789.34766,22657.58203,22840.13867,27205595568.0,54.585908835854184,1.2019597318056527,1379.181935230834,1386.1625847572388,-6.980649526404932,24913.635949671516,21764.926855499998,18616.21776132848
1/31/2023,22840.79688,23225.02148,22765.56836,23139.2832,22837828665.0,60.08321134410044,1.5052115505093455,1324.9411669583315,1373.9183011974576,-48.977134239126144,24659.282150366198,22025.1461915,19391.010232633802
2/1/2023,23137.83594,23764.53906,22877.75,23723.76953,26683255504.0,68.90765010406784,2.216225223719199,1313.9714840371962,1361.9289377654054,-47.9574537282092,24548.589793630115,22267.855273499998,19987.12075336988
2/2/2023,23720.82422,24167.21094,23468.5957,23471.87109,32066936882.0,61.83768767304116,1.6203862895739003,1270.3085066622734,1343.6048515447792,-73.29634488250576,24495.975450924874,22445.970117,20395.964783075127
2/3/2023,23469.41211,23678.10352,23279.95508,23449.32227,27083066007.0,61.163590929507095,1.5749033546970728,1219.8244047683766,1318.8487621894988,-99.0243574211222,24543.28837993185,22569.621289,20595.954198068146
2/4/2023,23446.32031,23556.94922,23291.79492,23331.84766,15639298538.0,57.26119918020023,1.3397942404053746,1156.9990067068975,1286.4788110929785,-129.479804386081,24523.56401095868,22692.1737305,20860.78345004132
2/5/2023,23332.24805,23423.43555,22841.75977,22955.66602,19564262605.0,45.986539342062606,0.8513903531064487,1064.5828630811593,1242.0996214906147,-177.5167584094554,24468.78129766216,22781.475391,21094.16948433784
2/6/2023,22954.02148,23119.2793,22692.02539,22760.10938,23825006542.0,40.95597719300503,0.6936515373771748,964.4450942239491,1186.5687160372815,-222.12362181333242,24367.300724382032,22861.404883500003,21355.509042617974
2/7/2023,22757.26758,23310.97461,22756.25781,23264.29102,27187964471.0,55.88593485985037,1.266850712631033,915.2183680302551,1132.2986464358762,-217.08027840562113,24102.98073754588,22990.180372000003,21877.380006454125
2/8/2023,23263.41602,23367.95898,22731.09766,22939.39844,25371367758.0,46.74568306913238,0.8777820421547335,840.3032243988273,1073.8995620284663,-233.59633762963904,23746.156225921437,23082.8106455,22419.465065078566
2/9/2023,22946.56641,22996.4375,21773.97461,21819.03906,32572572185.0,27.87806507589481,0.38654072585866217,682.6595205990416,995.6515537425814,-312.99203314353986,23896.542296627784,23039.934962000003,22183.327627372222
2/10/2023,21819.00586,21941.18555,21539.39258,21651.18359,27078406594.0,25.991927200423163,0.35120394596428106,537.9797206361509,904.1171871212955,-366.1374664851446,24038.108724320027,22983.6128915,21929.117058679974
2/11/2023,21651.8418,21891.41016,21618.44922,21870.875,16356226232.0,33.10064927742515,0.4947828180678515,436.0210186624863,810.4979534295337,-374.4769347670474,24103.225063145295,22941.1358405,21779.046617854703
2/12/2023,21870.90234,22060.99414,21682.82813,21788.20313,17821046406.0,31.72459836102591,0.46465634180782855,344.575037245806,717.3133701927883,-372.73833294698227,24155.223219083982,22883.824415000003,21612.425610916023
2/13/2023,21787.0,21898.41406,21460.08789,21808.10156,23918742607.0,32.53466540890912,0.4822427044363239,270.58988340365613,627.9686728349619,-357.3787894313058,24198.860108580477,22842.4060555,21485.952002419523
2/14/2023,21801.82227,22293.14063,21632.39453,22220.80469,26792596581.0,47.91510347809261,0.9199423763458773,242.46284864343397,550.8675079966564,-308.4046593532224,24174.821743321096,22797.553321000003,21420.28489867891
2/15/2023,22220.58594,24307.8418,22082.76953,24307.8418,32483312909.0,78.14721481121228,3.576075732960036,384.15017947929664,517.5240422931845,-133.37386281388785,24393.726435658205,22861.306544,21328.886652341793
2/16/2023,24307.34961,25134.11719,23602.52344,23623.47461,39316664596.0,63.61705235122873,1.7485403592190039,436.1875981197918,501.25675345850595,-65.06915533871415,24456.194881815718,22888.543848499998,21320.892815184277
2/17/2023,23621.2832,24924.04102,23460.75586,24565.60156,41358451255.0,72.16632263586496,2.592769963226439,547.1422828277246,510.4338593323497,36.70842349537486,24703.24970619369,22965.269434499998,21227.289162806308
2/18/2023,24565.29688,24798.83594,24468.37305,24641.27734,19625427158.0,72.78278084612512,2.6741446447795214,633.8741660278756,535.121920671455,98.75224535642064,24870.365030026573,23008.604981,21146.844931973428
2/19/2023,24640.02734,25093.05469,24327.64258,24327.64258,25555105670.0,65.56125694440627,1.903706440115195,669.583561857602,562.0142489086844,107.56931294891763,25033.152135246728,23082.9801765,21132.808217753274
2/20/2023,24336.62305,25020.45898,23927.91016,24829.14844,28987376573.0,71.06924558155242,2.4565292889920416,729.9365922998732,595.5987175869221,134.33787471295102,25268.51137867554,23167.4734385,21066.435498324463
2/21/2023,24833.04883,25126.85156,24200.36328,24436.35352,31252098714.0,61.78215107506005,1.6165784525549962,737.5692966951901,623.9928334085757,113.5764632866144,25367.086028657155,23203.102638,21039.119247342845
2/22/2023,24437.41797,24472.33984,23644.31836,24188.84375,30199996781.0,56.22636054677212,1.2844799118622519,715.3996185245996,642.2741904317805,73.1254280928191,25445.027144857533,23238.951271,21032.87539714247
2/23/2023,24190.71875,24572.08984,23693.91992,23947.49219,30476264066.0,50.873192913678174,1.03554853105531,670.6243944481357,647.9442312350516,22.680163213084143,25491.084933647115,23263.859766999998,21036.63460035288
2/24/2023,23946.00781,24103.70508,23007.07227,23198.12695,26811744928.0,37.55232819093472,0.6013407242106888,568.1232237407567,631.9800297361926,-63.856805995435934,25484.342390403843,23257.1737315,21030.005072596156
2/25/2023,23200.125,23210.21094,22861.55859,23175.375,16100721565.0,37.19746326858376,0.592292369138907,479.5267296111888,601.4893697111919,-121.96264010000311,25491.22968144438,23268.1591805,21045.088679555618
2/26/2023,23174.15039,23654.36719,23084.2207,23561.21289,16644534842.0,47.326846842670605,0.8985003556044973,435.427920823975,568.2770799337485,-132.8491591097735,25521.58897327943,23308.214356,21094.83973872057
2/27/2023,23561.45117,23857.89063,23205.87891,23522.87109,22660763494.0,46.433770367184266,0.866847838376476,392.85682538306355,533.1930290236115,-140.33620364054798,25536.45772494776,23321.143359499998,21105.828994052237
2/28/2023,23521.83789,23585.38477,23077.65039,23147.35352,20535363434.0,38.00505393713296,0.6130347125166183,325.070584620702,491.5685401430296,-166.49795552232763,25541.2562994026,23331.5411135,21121.825927597398
3/1/2023,23150.92969,23880.63281,23088.62695,23646.55078,24662841200.0,51.92580560093628,1.0801180602195921,308.07920208972064,454.8706725323678,-146.79147044264715,25517.424524473165,23422.9166995,21328.40887452684
3/2/2023,23647.01953,23739.13867,23245.02148,23475.4668,20386398516.0,47.535980163167515,0.9060682027608333,277.608266350966,419.41819129608746,-141.80992494512145,25435.50083327155,23514.13086,21592.76088672845
3/3/2023,23476.63281,23479.34766,22213.23828,22362.67969,26062404610.0,28.638647740532406,0.4013187367358622,161.80205702589228,367.89496444204843,-206.09290741615615,25382.564540886407,23538.7210945,21694.877648113594
3/4/2023,22362.92383,22405.17773,22198.98047,22353.34961,11166012913.0,28.524556715795896,0.3990819140830674,68.48251847178835,308.01247524799646,-239.5299567762081,25312.569948175205,23566.9784185,21821.386888824793
3/5/2023,22354.14453,22613.68555,22307.14258,22435.51367,13317001733.0,31.412072857184512,0.45798253666097105,1.142890277227707,246.63855825384272,-245.495667976615,25229.658402588953,23598.349024000003,21967.039645411052
3/6/2023,22436.81641,22584.29297,22331.31445,22429.75781,17353192895.0,31.30575619368159,0.4557260471772179,-52.088258995161596,186.89319480404185,-238.98145379920345,25205.263359836106,23608.79668,22012.330000163893
3/7/2023,22428.32227,22527.41797,22011.26172,22219.76953,22765452204.0,27.265699439485488,0.37486714286611694,-109.95117880673206,127.52432008188707,-237.47549888861914,25179.541631008582,23504.3930665,21829.24450199142
3/8/2023,22216.44141,22268.89648,21708.05078,21718.08008,22536575684.0,19.902184484877225,0.24847349901970334,-194.0531811794026,63.20881982962912,-257.26200100903174,25262.955226068505,23409.12334,21555.29145393149
3/9/2023,21720.08008,21802.7168,20210.30664,20363.02148,30364664171.0,10.612618347699268,0.11872613507105806,-365.82947385008083,-22.598838906312896,-343.23063494376794,25417.694801791487,23198.994336,20980.293870208512
3/10/2023,20367.00195,20370.5957,19628.25391,20187.24414,39578257695.0,9.893761864779762,0.10980107559181898,-510.26516646827804,-120.13210441870596,-390.13306204957206,25463.355591312575,22976.292676,20489.229760687427
3/11/2023,20187.87695,20792.52539,20068.66016,20632.41016,30180288176.0,25.27601742907983,0.33825843537033756,-582.1002269931305,-212.5257289335909,-369.57449805953956,25401.872464060398,22791.531055,20181.1896459396
3/12/2023,20628.0293,22185.03125,20448.80664,22163.94922,29279035521.0,56.16791600527478,1.2814338467692765,-509.57358043095155,-271.93529923306306,-237.6382811978885,25097.112527276597,22658.271094,20219.429660723403
3/13/2023,22156.40625,24550.83789,21918.19922,24197.5332,49466362688.0,73.574730368663,2.7842565618105466,-284.7203793884182,-274.4923152641341,-10.228064124284117,25050.60914750227,22646.330078,20242.05100849773
3/14/2023,24201.76563,26514.7168,24081.18359,24746.07422,54622230164.0,76.58465722302113,3.270704082893735,-61.55040684098276,-231.9039335795038,170.35352673852105,25165.088776708515,22674.1916015,20183.294426291483
3/15/2023,24770.92578,25240.61523,23964.91016,24375.96094,43655701450.0,70.11809545555171,2.3465069085959196,84.47458528996867,-168.62822980560932,253.102815095578,25239.43093445029,22695.615039000004,20151.799143549717
3/16/2023,24373.45703,25190.32617,24225.11133,25052.78906,33866061747.0,74.78941478203787,2.9665878096614597,251.91094385050383,-84.52039507438668,336.4313389248905,25536.32383157962,22788.3481445,20040.37245742038
3/17/2023,25055.12305,27787.8125,24955.16992,27423.92969,50730261335.0,84.78715554329956,5.5733926541236265,569.37331555536,46.258347051562694,523.1149685037973,26443.70379209387,23000.775879,19557.84796590613
3/18/2023,27448.11719,27725.95313,26636.26172,26965.87891,35723036817.0,77.64890419193641,3.4740535702917548,775.0691477965702,192.02050720056425,583.048640596006,27040.830059517866,23171.00918,19301.188300482136
3/19/2023,26969.50391,28440.56055,26907.7168,28038.67578,37769448859.0,81.92561923636364,4.532693003855981,1012.9733917709636,356.2110841146442,656.7623076563194,27837.862267680164,23396.7994145,18955.736561319838
3/20/2023,28041.60156,28527.72461,27242.88086,27767.23633,44774027664.0,77.42737781184987,3.4301454729746297,1166.1684599359178,518.202559278899,647.9659006570188,28476.14142840107,23627.793555000004,18779.445681598936
3/21/2023,27768.39258,28439.5625,27439.64648,28175.81641,36102192830.0,79.4640592235872,3.8695115110021225,1305.4966996668918,675.6613873564976,629.8353123103942,29112.11739662064,23854.256836499997,18596.396276379353
3/22/2023,28158.7207,28803.33594,26759.99609,27307.4375,33382021890.0,64.59862261164042,1.8247488481304484,1330.5071545028732,806.6305407857728,523.8766137171003,29520.408730098563,24045.855371499998,18571.302012901433
3/23/2023,27301.95703,28729.84375,27183.36328,28333.97266,24220433689.0,72.02291670313701,2.5743540146378585,1416.828610177483,928.670154664115,488.1584555133679,30077.666391272876,24344.42002,18611.173648727126
3/24/2023,28324.11133,28388.4375,27039.26563,27493.28516,25980310960.0,59.71556621276853,1.4823484060410432,1401.2497949919416,1023.1860827296805,378.0637122622611,30419.0503315712,24601.4167975,18783.783263428795
3/25/2023,27487.33789,27791.82617,27196.23438,27494.70703,13383005987.0,59.729532696509125,1.4832093267348658,1373.1889374534912,1093.1866536744426,280.00228377904864,30715.278225443803,24854.376465499998,18993.474705556193
3/26/2023,27495.52344,28178.14453,27445.04688,27994.33008,13878363192.0,64.86575964763676,1.8462263306988984,1375.4110281289213,1149.6315285653384,225.77949956358293,31037.03008666375,25132.605079,19228.18007133625
3/27/2023,27994.06836,28037.92578,26606.68945,27139.88867,18188895178.0,51.40955831132249,1.058017925432892,1293.3172142921176,1178.3686657106944,114.94854858142321,31181.14791403305,25378.611036,19576.07415796695
3/28/2023,27132.88867,27460.71875,26677.81836,27268.13086,17783600385.0,53.15963516557053,1.134910783754104,1224.4901876758813,1187.592970103732,36.89721757214943,31248.598337736887,25656.113575000003,20063.62881226312
3/29/2023,27267.03125,28619.54297,27259.66211,28348.44141,20684945906.0,65.66174759870002,1.9122041166024564,1242.7901943134057,1198.6324149456666,44.15777936773907,31177.142417846408,26055.3845715,20933.62672515359
3/30/2023,28350.14063,29159.90234,27720.16016,28033.5625,22435349951.0,60.055265679724094,1.5034588839220318,1217.8464096070747,1202.4752138779484,15.371195729126384,30824.76503158702,26447.700489500003,22070.635947412986
3/31/2023,28032.26172,28639.89648,27583.71484,28478.48438,19001327598.0,65.10697188582591,1.8659020269833917,1219.9173104826004,1205.9636331988788,13.953677283721618,30341.34932808887,26840.0042005,23338.65907291113
4/1/2023,28473.33203,28802.45703,28297.17188,28411.03516,10876469901.0,63.642766459696226,1.7504842987887157,1202.2570550377022,1205.2223175666436,-2.9652625289413663,29938.92696048512,27152.3584975,24365.79003451488
4/2/2023,28462.8457,28518.95898,27884.08789,28199.30859,12284641999.0,58.67240385311951,1.4196906987910607,1157.8298686345988,1195.7438277802346,-37.91395914563577,29799.70049368109,27352.447267,24905.194040318907
4/3/2023,28183.08008,28475.62305,27276.7207,27790.2207,19556501327.0,49.677066180380386,0.9871655408336425,1077.193809787368,1172.0338241816614,-94.84001439429335,29626.377000422042,27504.654591,25382.932181577955
4/4/2023,27795.27344,28433.74219,27681.30469,28168.08984,15284538859.0,56.986653653607696,1.3248598050169464,1031.885104653029,1144.004080275935,-112.11897562290596,29237.703102200347,27694.261036,26150.818969799653
4/5/2023,28169.72656,28739.23828,27843.76367,28177.98438,17052315986.0,57.18208214933869,1.335470873403423,985.4167650218224,1112.2866172251124,-126.86985220329007,28777.744784454528,27850.520802000003,26923.296819545478
4/6/2023,28175.22656,28178.38477,27738.75977,28044.14063,13837809380.0,53.2545048372101,1.13924357099551,927.1031312364466,1075.2499200273792,-148.14678879093253,28789.978383662306,27881.531348999997,26973.084314337688
4/7/2023,28038.9668,28111.59375,27794.03125,27925.85938,10861680497.0,49.63886101960233,0.9856580296748955,861.4149921597491,1032.4829344538532,-171.0679422941041,28729.205113008342,27929.5303725,27129.85563199166
4/8/2023,27920.51367,28159.86328,27883.38672,27947.79492,9373255556.0,50.38845435792726,1.0156598369552845,801.8830745109408,986.3629624652707,-184.4798879543299,28723.080960159397,27924.9863295,27126.8916988406
4/9/2023,27952.36719,28532.83008,27828.48047,28333.05078,12175322951.0,62.23520973800175,1.6479691613864849,776.8356512303835,944.4575002182934,-167.62184898790986,28767.77213891525,27953.277052,27138.781965084752
4/10/2023,28336.02734,29771.46484,28189.27148,29652.98047,19282400094.0,80.94368462789072,4.247604169395696,853.6523102414831,926.2964622229314,-72.64415198144832,29139.88698232779,28027.135255,26914.383527672213
4/11/2023,29653.67969,30509.08398,29609.30078,30235.05859,20121259843.0,84.90179823995878,5.623305317369596,950.5416531106384,931.1455004004729,19.396152710165552,29610.61428177036,28173.516309500003,26736.418337229647
4/12/2023,30231.58203,30462.48047,29725.57422,30139.05273,18651929926.0,81.5493095133493,4.419851363955796,1007.9611362917676,946.5086275787318,61.452508713035854,29948.663671548413,28263.770313000005,26578.876954451596
4/13/2023,29892.74023,30539.8457,29878.62305,30399.06641,17487721001.0,83.64779710749768,5.115384004062916,1062.203006290736,969.6475033211327,92.55550296960337,30302.442621839175,28409.059375499997,26515.67612916082
