timestamp,-1min,price
1680913620,,27899.05
1680913680,27899.05,27903.23
1680913740,27903.23,27906.26
1680913800,27906.26,27908.45
1680913860,27908.45,27908.4
1680913920,27908.4,27920.69
1680913980,27920.69,27922.02
1680914040,27922.02,27920.85
1680914100,27920.85,27928.36
1680914160,27928.36,27924.95
1680914220,27924.95,27920.14
1680914280,27920.14,27913.36
1680914340,27913.36,27917.74
1680914400,27917.74,27909.67
1680914460,27909.67,27904.97
1680914520,27904.97,27898.27
1680914580,27898.27,27895.95
1680914640,27895.95,27879.05
1680914700,27879.05,27887.2
1680914760,27887.2,27888.14
1680914820,27888.14,27885.3
1680914880,27885.3,27892.03
1680914940,27892.03,27888.17
1680915000,27888.17,27879.78
1680915060,27879.78,27879.32
1680915120,27879.32,27876.37
1680915180,27876.37,27874.75
1680915240,27874.75,27870.64
1680915300,27870.64,27874.39
1680915360,27874.39,27886.13
1680915420,27886.13,27889.33
1680915480,27889.33,27889.07
1680915540,27889.07,27889.2
1680915600,27889.2,27898.39
1680915660,27898.39,27898.36
1680915720,27898.36,27892.76
1680915780,27892.76,27893.21
1680915840,27893.21,27893.52
1680915900,27893.52,27895.47
1680915960,27895.47,27891.8
1680916020,27891.8,27894.04
1680916080,27894.04,27894.83
1680916140,27894.83,27898.74
1680916200,27898.74,27901.17
1680916260,27901.17,27902.52
1680916320,27902.52,27902.65
1680916380,27902.65,27905.46
1680916440,27905.46,27905.91
1680916500,27905.91,27904.82
1680916560,27904.82,27907.19
1680916620,27907.19,27898.1
1680916680,27898.1,27889.9
1680916740,27889.9,27890.31
1680916800,27890.31,27891.64
1680916860,27891.64,27891.92
1680916920,27891.92,27891.52
1680916980,27891.52,27892.07
1680917040,27892.07,27902.92
1680917100,27902.92,27903.83
1680917160,27903.83,27907.46
1680917220,27907.46,27907.7
1680917280,27907.7,27905.75
1680917340,27905.75,27905.94
1680917400,27905.94,27907.1
1680917460,27907.1,27918.01
1680917520,27918.01,27917.56
1680917580,27917.56,27922.12
1680917640,27922.12,27921.16
1680917700,27921.16,27922.27
1680917760,27922.27,27926.79
1680917820,27926.79,27923.08
1680917880,27923.08,27920.54
1680917940,27920.54,27920.88
1680918000,27920.88,27923.72
1680918060,27923.72,27923.81
1680918120,27923.81,27922.66
1680918180,27922.66,27923.94
1680918240,27923.94,27923.61
1680918300,27923.61,27923.96
1680918360,27923.96,27924.88
1680918420,27924.88,27921.31
1680918480,27921.31,27926.27
1680918540,27926.27,27915.65
1680918600,27915.65,27905.84
1680918660,27905.84,27907.41
1680918720,27907.41,27909.84
1680918780,27909.84,27918.97
1680918840,27918.97,27911.08
1680918900,27911.08,27912.72
1680918960,27912.72,27909.44
1680919020,27909.44,27922.26
1680919080,27922.26,27911.42
1680919140,27911.42,27909.14
1680919200,27909.14,27914.54
1680919260,27914.54,27912.11
1680919320,27912.11,27910.3
1680919380,27910.3,27911.04
1680919440,27911.04,27911.54
1680919500,27911.54,27913.58
1680919560,27913.58,27914.83
1680919620,27914.83,27911.06
1680919680,27911.06,27911.46
1680919740,27911.46,27912.66
1680919800,27912.66,27912.91
1680919860,27912.91,27913.3
1680919920,27913.3,27913.48
1680919980,27913.48,27916.12
1680920040,27916.12,27916.33
1680920100,27916.33,27916.73
1680920160,27916.73,27914.56
1680920220,27914.56,27914.56
1680920280,27914.56,27914.85
1680920340,27914.85,27913.73
1680920400,27913.73,27915.63
1680920460,27915.63,27915.89
1680920520,27915.89,27918.59
1680920580,27918.59,27920.23
1680920640,27920.23,27921.32
1680920700,27921.32,27925.5
1680920760,27925.5,27925.66
1680920820,27925.66,27925.81
1680920880,27925.81,27927.14
1680920940,27927.14,27926.72
1680921000,27926.72,27925.87
1680921060,27925.87,27931.06
1680921120,27931.06,27934.51
1680921180,27934.51,27935.46
1680921240,27935.46,27930.92
1680921300,27930.92,27924.16
1680921360,27924.16,27920.2
1680921420,27920.2,27915.58
1680921480,27915.58,27910.95
1680921540,27910.95,27910.7
1680921600,27910.7,27911.08
1680921660,27911.08,27911.81
1680921720,27911.81,27915.06
1680921780,27915.06,27918.82
1680921840,27918.82,27915.15
1680921900,27915.15,27915.9
1680921960,27915.9,27918.64
1680922020,27918.64,27927.93
1680922080,27927.93,27932.38
1680922140,27932.38,27930.95
1680922200,27930.95,27933.52
1680922260,27933.52,27931.92
1680922320,27931.92,27929.83
1680922380,27929.83,27930.25
1680922440,27930.25,27949.57
1680922500,27949.57,27932.42
1680922560,27932.42,27934.43
1680922620,27934.43,27934.79
1680922680,27934.79,27952.19
1680922740,27952.19,27959.69
1680922800,27959.69,27962.68
1680922860,27962.68,27964.6
1680922920,27964.6,27958.06
1680922980,27958.06,27962.04
1680923040,27962.04,27958.6
1680923100,27958.6,27957.54
1680923160,27957.54,27956.39
1680923220,27956.39,27954.35
1680923280,27954.35,27956.32
1680923340,27956.32,27955.73
1680923400,27955.73,27959.46
1680923460,27959.46,27965.67
1680923520,27965.67,27966.9
1680923580,27966.9,27981.36
1680923640,27981.36,27964.54
1680923700,27964.54,27960.36
1680923760,27960.36,27958.58
1680923820,27958.58,27959.32
1680923880,27959.32,27952.08
1680923940,27952.08,27947.63
1680924000,27947.63,27948.29
1680924060,27948.29,27953.45
1680924120,27953.45,27955.59
1680924180,27955.59,27954.55
1680924240,27954.55,27955.3
1680924300,27955.3,27969
1680924360,27969,27973.79
1680924420,27973.79,27977.88
1680924480,27977.88,28029.24
1680924540,28029.24,28044.84
1680924600,28044.84,28032.41
1680924660,28032.41,28033.44
1680924720,28033.44,28017.64
1680924780,28017.64,28017.92
1680924840,28017.92,28016.15
1680924900,28016.15,28019.36
1680924960,28019.36,28019.92
1680925020,28019.92,28019.52
1680925080,28019.52,28003.65
1680925140,28003.65,28009.99
1680925200,28009.99,28009.85
1680925260,28009.85,28007.81
1680925320,28007.81,28004.71
1680925380,28004.71,28005.38
1680925440,28005.38,28004.17
1680925500,28004.17,27999.08
1680925560,27999.08,28000.57
1680925620,28000.57,27997.44
1680925680,27997.44,27988.12
1680925740,27988.12,27987.17
1680925800,27987.17,27993.77
1680925860,27993.77,27999.97
1680925920,27999.97,27999.81
1680925980,27999.81,28013.8
1680926040,28013.8,28027.08
1680926100,28027.08,28023.45
1680926160,28023.45,28024.24
1680926220,28024.24,28020.64
1680926280,28020.64,28021.88
1680926340,28021.88,28027.8
1680926400,28027.8,28031.78
1680926460,28031.78,28030.94
1680926520,28030.94,28030.91
1680926580,28030.91,28031.48
1680926640,28031.48,28033.28
1680926700,28033.28,28038.34
1680926760,28038.34,28041.29
1680926820,28041.29,28043.27
1680926880,28043.27,28045.22
1680926940,28045.22,28042.44
1680927000,28042.44,28043.62
1680927060,28043.62,28045.35
1680927120,28045.35,28042.61
1680927180,28042.61,28042.5
1680927240,28042.5,28042.02
1680927300,28042.02,28039.94
1680927360,28039.94,28039.77
1680927420,28039.77,28038.84
1680927480,28038.84,28032.37
1680927540,28032.37,28023.09
1680927600,28023.09,28025.83
1680927660,28025.83,28023.36
1680927720,28023.36,28022.9
1680927780,28022.9,28029.57
1680927840,28029.57,28028.72
1680927900,28028.72,28024.87
1680927960,28024.87,28023.61
1680928020,28023.61,28019.84
1680928080,28019.84,28020.03
1680928140,28020.03,28019.04
1680928200,28019.04,28019.22
1680928260,28019.22,28019.54
1680928320,28019.54,28007.89
1680928380,28007.89,28007.98
1680928440,28007.98,28008.92
1680928500,28008.92,28008.6
1680928560,28008.6,28000.63
1680928620,28000.63,27999.05
1680928680,27999.05,27995.44
1680928740,27995.44,27993.19
1680928800,27993.19,28003.28
1680928860,28003.28,28008.72
1680928920,28008.72,28007.11
1680928980,28007.11,28007.52
1680929040,28007.52,28007.41
1680929100,28007.41,28006.54
1680929160,28006.54,28007.78
1680929220,28007.78,28007.99
1680929280,28007.99,27998.97
1680929340,27998.97,27992.7
1680929400,27992.7,27988.33
1680929460,27988.33,27984.74
1680929520,27984.74,27986.66
1680929580,27986.66,27981.38
1680929640,27981.38,27986.33
1680929700,27986.33,27987.86
1680929760,27987.86,27989.61
1680929820,27989.61,27989.98
1680929880,27989.98,27990.35
1680929940,27990.35,27990.1
1680930000,27990.1,27989.38
1680930060,27989.38,27991.03
1680930120,27991.03,27991.25
1680930180,27991.25,27987.13
1680930240,27987.13,27987.92
1680930300,27987.92,27996.84
1680930360,27996.84,27994.53
1680930420,27994.53,27995.77
1680930480,27995.77,28000.34
1680930540,28000.34,28007.99
1680930600,28007.99,28005.68
1680930660,28005.68,28003.84
1680930720,28003.84,28004.74
1680930780,28004.74,28007.11
1680930840,28007.11,28015.03
1680930900,28015.03,28017.49
1680930960,28017.49,28016.72
1680931020,28016.72,28015.8
1680931080,28015.8,28019
1680931140,28019,28019.09
1680931200,28019.09,28023.18
1680931260,28023.18,28031.42
1680931320,28031.42,28032.89
1680931380,28032.89,28019.5
1680931440,28019.5,28021.53
1680931500,28021.53,28018.76
1680931560,28018.76,28018.7
1680931620,28018.7,28018.62
1680931680,28018.62,28017.38
1680931740,28017.38,28015.67
1680931800,28015.67,28015.92
1680931860,28015.92,28019.33
1680931920,28019.33,28018.44
1680931980,28018.44,28023.77
1680932040,28023.77,28030.28
1680932100,28030.28,28034.56
1680932160,28034.56,28036.63
1680932220,28036.63,28035.61
1680932280,28035.61,28036.77
1680932340,28036.77,28032.68
1680932400,28032.68,28036.88
1680932460,28036.88,28039.48
1680932520,28039.48,28035.53
1680932580,28035.53,28038.08
1680932640,28038.08,28045.24
1680932700,28045.24,28047.74
1680932760,28047.74,28046.83
1680932820,28046.83,28048.33
1680932880,28048.33,28057.41
1680932940,28057.41,28063.7
1680933000,28063.7,28071.59
1680933060,28071.59,28069.24
1680933120,28069.24,28061.68
1680933180,28061.68,28062.13
1680933240,28062.13,28083.54
1680933300,28083.54,28141.4
1680933360,28141.4,28139.06
1680933420,28139.06,28137.39
1680933480,28137.39,28131.58
1680933540,28131.58,28139.86
1680933600,28139.86,28156.07
1680933660,28156.07,28130.15
1680933720,28130.15,28141.93
1680933780,28141.93,28133.49
1680933840,28133.49,28128.97
1680933900,28128.97,28135.26
1680933960,28135.26,28133.67
1680934020,28133.67,28133.7
1680934080,28133.7,28133.75
1680934140,28133.75,28127.75
1680934200,28127.75,28111.9
1680934260,28111.9,28118.69
1680934320,28118.69,28118.98
1680934380,28118.98,28118.69
1680934440,28118.69,28115.39
1680934500,28115.39,28110.02
1680934560,28110.02,28108.93
1680934620,28108.93,28105.73
1680934680,28105.73,28104.21
1680934740,28104.21,28106.51
1680934800,28106.51,28108.59
1680934860,28108.59,28096.93
1680934920,28096.93,28096.5
1680934980,28096.5,28102.57
1680935040,28102.57,28128.35
1680935100,28128.35,28135.15
1680935160,28135.15,28135.09
1680935220,28135.09,28136.11
1680935280,28136.11,28152.87
1680935340,28152.87,28145.76
1680935400,28145.76,28148.13
1680935460,28148.13,28145.03
1680935520,28145.03,28135.73
1680935580,28135.73,28129.03
1680935640,28129.03,28123.9
1680935700,28123.9,28116.66
1680935760,28116.66,28110.57
1680935820,28110.57,28111.7
1680935880,28111.7,28108.91
1680935940,28108.91,28110.46
1680936000,28110.46,28122.11
1680936060,28122.11,28120.45
1680936120,28120.45,28121.03
1680936180,28121.03,28121.92
1680936240,28121.92,28121.47
1680936300,28121.47,28122.04
1680936360,28122.04,28120.32
1680936420,28120.32,28119.99
1680936480,28119.99,28119.27
1680936540,28119.27,28118.45
1680936600,28118.45,28116.82
1680936660,28116.82,28118.76
1680936720,28118.76,28125.39
1680936780,28125.39,28143.94
1680936840,28143.94,28143.88
1680936900,28143.88,28146.06
1680936960,28146.06,28137.72
1680937020,28137.72,28124.81
1680937080,28124.81,28123.95
1680937140,28123.95,28124.2
1680937200,28124.2,28127.22
1680937260,28127.22,28125.45
1680937320,28125.45,28125.64
1680937380,28125.64,28120.68
1680937440,28120.68,28119.11
1680937500,28119.11,28118.02
1680937560,28118.02,28116.04
1680937620,28116.04,28114.33
1680937680,28114.33,28110.95
1680937740,28110.95,28111.69
1680937800,28111.69,28104.66
1680937860,28104.66,28106.06
1680937920,28106.06,28103.82
1680937980,28103.82,28103.14
1680938040,28103.14,28105.78
1680938100,28105.78,28108.13
1680938160,28108.13,28107.98
1680938220,28107.98,28108.45
1680938280,28108.45,28111.78
1680938340,28111.78,28112.75
1680938400,28112.75,28116.01
1680938460,28116.01,28116.33
1680938520,28116.33,28114.03
1680938580,28114.03,28119.91
1680938640,28119.91,28119.55
1680938700,28119.55,28118.67
1680938760,28118.67,28110.72
1680938820,28110.72,28112.02
1680938880,28112.02,28113.15
1680938940,28113.15,28113.18
1680939000,28113.18,28112.38
1680939060,28112.38,28112.63
1680939120,28112.63,28109.58
1680939180,28109.58,28103.83
1680939240,28103.83,28103.41
1680939300,28103.41,28111.95
1680939360,28111.95,28111.95
1680939420,28111.95,28111.38
1680939480,28111.38,28106.55
1680939540,28106.55,28106.17
1680939600,28106.17,28107.04
1680939660,28107.04,28103.74
1680939720,28103.74,28094.51
1680939780,28094.51,28095.24
1680939840,28095.24,28098.85
1680939900,28098.85,28100.17
1680939960,28100.17,28096.48
1680940020,28096.48,28094.73
1680940080,28094.73,28091.36
1680940140,28091.36,28094.44
1680940200,28094.44,28094.05
1680940260,28094.05,28076.71
1680940320,28076.71,28076.48
1680940380,28076.48,28081.51
1680940440,28081.51,28082.32
1680940500,28082.32,28085.84
1680940560,28085.84,28085.28
1680940620,28085.28,28087.22
1680940680,28087.22,28092.23
1680940740,28092.23,28092.63
1680940800,28092.63,28086.68
1680940860,28086.68,28085.87
1680940920,28085.87,28083.33
1680940980,28083.33,28083.91
1680941040,28083.91,28086.27
1680941100,28086.27,28095.99
1680941160,28095.99,28085.97
1680941220,28085.97,28091.12
1680941280,28091.12,28093.41
1680941340,28093.41,28093.69
1680941400,28093.69,28095.25
1680941460,28095.25,28095.27
1680941520,28095.27,28096.77
1680941580,28096.77,28098.08
1680941640,28098.08,28100.38
1680941700,28100.38,28107.44
1680941760,28107.44,28107.56
1680941820,28107.56,28121.96
1680941880,28121.96,28114.93
1680941940,28114.93,28109.07
1680942000,28109.07,28111.22
1680942060,28111.22,28111.19
1680942120,28111.19,28112.49
1680942180,28112.49,28111.9
1680942240,28111.9,28109.78
1680942300,28109.78,28109.42
1680942360,28109.42,28105.21
1680942420,28105.21,28105.38
1680942480,28105.38,28107.86
1680942540,28107.86,28106.98
1680942600,28106.98,28106.33
1680942660,28106.33,28106.43
1680942720,28106.43,28108.9
1680942780,28108.9,28102.18
1680942840,28102.18,28100.89
1680942900,28100.89,28098.98
1680942960,28098.98,28098.27
1680943020,28098.27,28096.95
1680943080,28096.95,28098.39
1680943140,28098.39,28095.36
1680943200,28095.36,28097.01
1680943260,28097.01,28096.06
1680943320,28096.06,28096.52
1680943380,28096.52,28097.28
1680943440,28097.28,28096.51
1680943500,28096.51,28096.85
1680943560,28096.85,28078.71
1680943620,28078.71,28062.02
1680943680,28062.02,28064.31
1680943740,28064.31,28062.08
1680943800,28062.08,28062.45
1680943860,28062.45,28060.96
1680943920,28060.96,28070.08
1680943980,28070.08,28058.64
1680944040,28058.64,28053.4
1680944100,28053.4,28052.53
1680944160,28052.53,28052.03
1680944220,28052.03,28047.61
1680944280,28047.61,28040.54
1680944340,28040.54,28035.91
1680944400,28035.91,28032.04
1680944460,28032.04,28037.27
1680944520,28037.27,28039.67
1680944580,28039.67,28041.12
1680944640,28041.12,28051.5
1680944700,28051.5,28046.7
1680944760,28046.7,28041.98
1680944820,28041.98,28041.93
1680944880,28041.93,28033.94
1680944940,28033.94,28046.16
1680945000,28046.16,28052.94
1680945060,28052.94,28058.29
1680945120,28058.29,28054.85
1680945180,28054.85,28057.18
1680945240,28057.18,28061.31
1680945300,28061.31,28061.38
1680945360,28061.38,28059.83
1680945420,28059.83,28059.9
1680945480,28059.9,28061.49
1680945540,28061.49,28064.32
1680945600,28064.32,28057.07
1680945660,28057.07,28056.38
1680945720,28056.38,28064.35
1680945780,28064.35,28067.08
1680945840,28067.08,28067.41
1680945900,28067.41,28066.66
1680945960,28066.66,28067.7
1680946020,28067.7,28067.95
1680946080,28067.95,28067.1
1680946140,28067.1,28067.64
1680946200,28067.64,28067.86
1680946260,28067.86,28067.29
1680946320,28067.29,28063.95
1680946380,28063.95,28062.41
1680946440,28062.41,28064.52
1680946500,28064.52,28071.55
1680946560,28071.55,28064.22
1680946620,28064.22,28062.16
1680946680,28062.16,28054.44
1680946740,28054.44,28065.02
1680946800,28065.02,28064.11
1680946860,28064.11,28064.24
1680946920,28064.24,28065.09
1680946980,28065.09,28067.03
1680947040,28067.03,28068.98
1680947100,28068.98,28065
1680947160,28065,28066.77
1680947220,28066.77,28068.19
1680947280,28068.19,28068.83
1680947340,28068.83,28067.9
1680947400,28067.9,28063.8
1680947460,28063.8,28062.77
1680947520,28062.77,28062.57
1680947580,28062.57,28062.73
1680947640,28062.73,28061.97
1680947700,28061.97,28060.55
1680947760,28060.55,28055.11
1680947820,28055.11,28049.09
1680947880,28049.09,28035.62
1680947940,28035.62,28031.39
1680948000,28031.39,28038.01
1680948060,28038.01,28034.37
1680948120,28034.37,28032.68
1680948180,28032.68,28038.33
1680948240,28038.33,28043.75
1680948300,28043.75,28040
1680948360,28040,28040.27
1680948420,28040.27,28038.94
1680948480,28038.94,28037.92
1680948540,28037.92,28039.54
1680948600,28039.54,28039.44
1680948660,28039.44,28039.39
1680948720,28039.39,28040.48
1680948780,28040.48,28040.11
1680948840,28040.11,28039.69
1680948900,28039.69,28041.53
1680948960,28041.53,28042.48
1680949020,28042.48,28042.82
1680949080,28042.82,28043.36
1680949140,28043.36,28041.33
1680949200,28041.33,28041.22
1680949260,28041.22,28035.22
1680949320,28035.22,28036.76
1680949380,28036.76,28037.19
1680949440,28037.19,28035.59
1680949500,28035.59,28035.48
1680949560,28035.48,28033.8
1680949620,28033.8,28033.1
1680949680,28033.1,28031.26
1680949740,28031.26,28032.63
1680949800,28032.63,28042.24
1680949860,28042.24,28031.89
1680949920,28031.89,28032.71
1680949980,28032.71,28034.25
1680950040,28034.25,28040
1680950100,28040,28038.58
1680950160,28038.58,28036.44
1680950220,28036.44,28037.54
1680950280,28037.54,28038.6
1680950340,28038.6,28039.47
1680950400,28039.47,28035.67
1680950460,28035.67,28032.35
1680950520,28032.35,28031.49
1680950580,28031.49,28015.18
1680950640,28015.18,28010.46
1680950700,28010.46,28012.76
1680950760,28012.76,28014.69
1680950820,28014.69,28017.65
1680950880,28017.65,28016.24
1680950940,28016.24,28016.48
1680951000,28016.48,28014.91
1680951060,28014.91,28018.15
1680951120,28018.15,28020.1
1680951180,28020.1,28016.95
1680951240,28016.95,28016.29
1680951300,28016.29,28017.12
1680951360,28017.12,28015.34
1680951420,28015.34,28014.13
1680951480,28014.13,28016.79
1680951540,28016.79,28022.92
1680951600,28022.92,28024.12
1680951660,28024.12,28022.07
1680951720,28022.07,28023.89
1680951780,28023.89,28027.4
1680951840,28027.4,28026.39
1680951900,28026.39,28026.11
1680951960,28026.11,28022.39
1680952020,28022.39,28024.6
1680952080,28024.6,28021.73
1680952140,28021.73,28023.89
1680952200,28023.89,28024.65
1680952260,28024.65,28026.64
1680952320,28026.64,28030.93
1680952380,28030.93,28021.43
1680952440,28021.43,28018.3
1680952500,28018.3,28018.55
1680952560,28018.55,28017.92
1680952620,28017.92,28021.62
1680952680,28021.62,28021.49
1680952740,28021.49,28021.33
1680952800,28021.33,28021.49
1680952860,28021.49,28018.79
1680952920,28018.79,28019.92
1680952980,28019.92,28018.27
1680953040,28018.27,28008.98
1680953100,28008.98,28004.27
1680953160,28004.27,28024.8
1680953220,28024.8,28032.47
1680953280,28032.47,28032.12
1680953340,28032.12,28034.48
1680953400,28034.48,28031.58
1680953460,28031.58,28035.41
1680953520,28035.41,28036
1680953580,28036,28038.46
1680953640,28038.46,28038.64
1680953700,28038.64,28040.12
1680953760,28040.12,28036.66
1680953820,28036.66,28036.54
1680953880,28036.54,28038.07
1680953940,28038.07,28038.66
1680954000,28038.66,28039.1
1680954060,28039.1,28031.21
1680954120,28031.21,28026.42
1680954180,28026.42,28025
1680954240,28025,28025.7
1680954300,28025.7,28031.73
1680954360,28031.73,28031.35
1680954420,28031.35,28030.78
1680954480,28030.78,28031.8
1680954540,28031.8,28031.79
1680954600,28031.79,28031.58
1680954660,28031.58,28028.01
1680954720,28028.01,28026.41
1680954780,28026.41,28022.77
1680954840,28022.77,28020.41
1680954900,28020.41,28020.61
1680954960,28020.61,28025.37
1680955020,28025.37,28027.2
1680955080,28027.2,28026.43
1680955140,28026.43,28023.05
1680955200,28023.05,28025.28
1680955260,28025.28,28025.85
1680955320,28025.85,28024.7
1680955380,28024.7,28021.14
1680955440,28021.14,28017.87
1680955500,28017.87,28018.05
1680955560,28018.05,28017.06
1680955620,28017.06,28018.42
1680955680,28018.42,28009.5
1680955740,28009.5,28008.66
1680955800,28008.66,28009.6
1680955860,28009.6,28007
1680955920,28007,28009.04
1680955980,28009.04,28008.42
1680956040,28008.42,28005.21
1680956100,28005.21,28006.37
1680956160,28006.37,28005.47
1680956220,28005.47,28005.5
1680956280,28005.5,28003.47
1680956340,28003.47,28002.19
1680956400,28002.19,28002.57
1680956460,28002.57,28002.99
1680956520,28002.99,28003.54
1680956580,28003.54,28007.27
1680956640,28007.27,28014.1
1680956700,28014.1,28013.94
1680956760,28013.94,28016.28
1680956820,28016.28,28016.84
1680956880,28016.84,28019.05
1680956940,28019.05,28018.83
1680957000,28018.83,28015.93
1680957060,28015.93,28015.03
1680957120,28015.03,28014.97
1680957180,28014.97,28015.31
1680957240,28015.31,28016.89
1680957300,28016.89,28019.12
1680957360,28019.12,28025.74
1680957420,28025.74,28026.97
1680957480,28026.97,28028.66
1680957540,28028.66,28022.45
1680957600,28022.45,28009.38
1680957660,28009.38,28012.53
1680957720,28012.53,28011.89
1680957780,28011.89,28006.7
1680957840,28006.7,27977.99
1680957900,27977.99,27973.55
1680957960,27973.55,27974.52
1680958020,27974.52,27980.2
1680958080,27980.2,27991.83
1680958140,27991.83,27992.79
1680958200,27992.79,27989.8
1680958260,27989.8,27987.35
1680958320,27987.35,27991.25
1680958380,27991.25,27996.89
1680958440,27996.89,28005.09
1680958500,28005.09,28004.35
1680958560,28004.35,28004.41
1680958620,28004.41,28005.4
1680958680,28005.4,28002.72
1680958740,28002.72,27994.16
1680958800,27994.16,27990.16
1680958860,27990.16,27992.23
1680958920,27992.23,27992.86
1680958980,27992.86,27993.48
1680959040,27993.48,27995.33
1680959100,27995.33,27993.96
1680959160,27993.96,27993.72
1680959220,27993.72,27994.33
1680959280,27994.33,27994.36
1680959340,27994.36,27996.62
1680959400,27996.62,27999.99
1680959460,27999.99,27999.56
1680959520,27999.56,27998.29
1680959580,27998.29,28000.73
1680959640,28000.73,27999.73
1680959700,27999.73,27999.88
1680959760,27999.88,28000.71
1680959820,28000.71,28000.83
1680959880,28000.83,28000.65
1680959940,28000.65,27999.44
1680960000,27999.44,27999.45
1680960060,27999.45,27997.35
1680960120,27997.35,28002.1
1680960180,28002.1,27999.28
1680960240,27999.28,27997.3
1680960300,27997.3,27992.35
1680960360,27992.35,27990.07
1680960420,27990.07,27989.82
1680960480,27989.82,27987.58
1680960540,27987.58,27985.36
1680960600,27985.36,27979.73
1680960660,27979.73,27976.63
1680960720,27976.63,27981.86
1680960780,27981.86,27994.49
1680960840,27994.49,27995.93
1680960900,27995.93,28005.36
1680960960,28005.36,28003.29
1680961020,28003.29,28005.12
1680961080,28005.12,28005.05
1680961140,28005.05,28001.18
1680961200,28001.18,28001.75
1680961260,28001.75,28002.35
1680961320,28002.35,28004.17
1680961380,28004.17,28011.02
1680961440,28011.02,28010.61
1680961500,28010.61,28011.41
1680961560,28011.41,28010.11
1680961620,28010.11,28012.24
1680961680,28012.24,28026.47
1680961740,28026.47,28034.42
1680961800,28034.42,28042.8
1680961860,28042.8,28042.12
1680961920,28042.12,28029.87
1680961980,28029.87,28029.45
1680962040,28029.45,28024.09
1680962100,28024.09,28027.57
1680962160,28027.57,28026.57
1680962220,28026.57,28027.68
1680962280,28027.68,28027.3
1680962340,28027.3,28027.29
1680962400,28027.29,28022.55
1680962460,28022.55,28025.48
1680962520,28025.48,28030.35
1680962580,28030.35,28031.55
1680962640,28031.55,28035.69
1680962700,28035.69,28031.16
1680962760,28031.16,28024.66
1680962820,28024.66,28025.95
1680962880,28025.95,28032.54
1680962940,28032.54,28034.1
1680963000,28034.1,28035.87
1680963060,28035.87,28032.89
1680963120,28032.89,28029.52
1680963180,28029.52,28029.93
1680963240,28029.93,28026.72
1680963300,28026.72,28018.8
1680963360,28018.8,28018.98
1680963420,28018.98,28029.16
1680963480,28029.16,28031.06
1680963540,28031.06,28031.62
1680963600,28031.62,28036.04
1680963660,28036.04,28044.69
1680963720,28044.69,28047.38
1680963780,28047.38,28043.94
1680963840,28043.94,28045.36
1680963900,28045.36,28042.68
1680963960,28042.68,28049.12
1680964020,28049.12,28057.4
1680964080,28057.4,28050.56
1680964140,28050.56,28050.82
1680964200,28050.82,28051.85
1680964260,28051.85,28051.01
1680964320,28051.01,28047.7
1680964380,28047.7,28049.05
1680964440,28049.05,28051.45
1680964500,28051.45,28050.23
1680964560,28050.23,28049.92
1680964620,28049.92,28045.58
1680964680,28045.58,28047.94
1680964740,28047.94,28049.68
1680964800,28049.68,28053.22
1680964860,28053.22,28052.04
1680964920,28052.04,28052.88
1680964980,28052.88,28042.35
1680965040,28042.35,28037.57
1680965100,28037.57,28040.43
1680965160,28040.43,28039.44
1680965220,28039.44,28037.06
1680965280,28037.06,28037.98
1680965340,28037.98,28033.54
1680965400,28033.54,28034.11
1680965460,28034.11,28039.36
1680965520,28039.36,28037.4
1680965580,28037.4,28034.44
1680965640,28034.44,28039.09
1680965700,28039.09,28039.97
1680965760,28039.97,28038.96
1680965820,28038.96,28037.16
1680965880,28037.16,28036.81
1680965940,28036.81,28038.39
1680966000,28038.39,28029.62
1680966060,28029.62,28038.41
1680966120,28038.41,28028.9
1680966180,28028.9,28028.17
1680966240,28028.17,28027.99
1680966300,28027.99,28025.37
1680966360,28025.37,28025.43
1680966420,28025.43,28021.61
1680966480,28021.61,28020.29
1680966540,28020.29,28026.15
1680966600,28026.15,28020.82
1680966660,28020.82,28019.17
1680966720,28019.17,28005.79
1680966780,28005.79,28010.13
1680966840,28010.13,28017.71
1680966900,28017.71,28006.31
1680966960,28006.31,28009.65
1680967020,28009.65,28020.21
1680967080,28020.21,28020.3
1680967140,28020.3,28020.21
1680967200,28020.21,28020.72
1680967260,28020.72,28019.3
1680967320,28019.3,28019.77
1680967380,28019.77,28017.04
1680967440,28017.04,28018.3
1680967500,28018.3,28017.39
1680967560,28017.39,28017.15
1680967620,28017.15,28015.97
1680967680,28015.97,28015.8
1680967740,28015.8,28016.51
1680967800,28016.51,28015.4
1680967860,28015.4,28013.06
1680967920,28013.06,28005.2
1680967980,28005.2,28006.08
1680968040,28006.08,28004.67
1680968100,28004.67,28005
1680968160,28005,28008.72
1680968220,28008.72,28009.17
1680968280,28009.17,28002.93
1680968340,28002.93,28000.02
1680968400,28000.02,28003.89
1680968460,28003.89,27998.83
1680968520,27998.83,27999.17
1680968580,27999.17,27999.59
1680968640,27999.59,27997.09
1680968700,27997.09,28007.04
1680968760,28007.04,28015.78
1680968820,28015.78,28022.31
1680968880,28022.31,28022.88
1680968940,28022.88,28022.35
1680969000,28022.35,28020.4
1680969060,28020.4,28019.42
1680969120,28019.42,28019.41
1680969180,28019.41,28016.01
1680969240,28016.01,28014.57
1680969300,28014.57,28019.3
1680969360,28019.3,28023.98
1680969420,28023.98,28025.09
1680969480,28025.09,28025.24
1680969540,28025.24,28025.53
1680969600,28025.53,28024.77
1680969660,28024.77,28026.43
1680969720,28026.43,28022.86
1680969780,28022.86,28025.82
1680969840,28025.82,28022.12
1680969900,28022.12,28021.75
1680969960,28021.75,28022.54
1680970020,28022.54,28027.79
1680970080,28027.79,28023.99
1680970140,28023.99,28027.9
1680970200,28027.9,28025.66
1680970260,28025.66,28022.5
1680970320,28022.5,28023.87
1680970380,28023.87,28025.1
1680970440,28025.1,28028.35
1680970500,28028.35,28026.4
1680970560,28026.4,28026.44
1680970620,28026.44,28026.15
1680970680,28026.15,28026.96
1680970740,28026.96,28033.01
1680970800,28033.01,28028.12
1680970860,28028.12,28027.06
1680970920,28027.06,28027.16
1680970980,28027.16,28028.31
1680971040,28028.31,28026.9
1680971100,28026.9,28027.19
1680971160,28027.19,28027.24
1680971220,28027.24,28009.88
1680971280,28009.88,28007.32
1680971340,28007.32,28008.64
1680971400,28008.64,28010.03
1680971460,28010.03,28009.88
1680971520,28009.88,28016.74
1680971580,28016.74,28020.42
1680971640,28020.42,28008.1
1680971700,28008.1,28011.93
1680971760,28011.93,28010.91
1680971820,28010.91,28010.54
1680971880,28010.54,28012.5
1680971940,28012.5,28011.94
1680972000,28011.94,28010.7
1680972060,28010.7,28016.69
1680972120,28016.69,28017.69
1680972180,28017.69,28017.72
1680972240,28017.72,28018.42
1680972300,28018.42,28013.6
1680972360,28013.6,28012.42
1680972420,28012.42,28012.48
1680972480,28012.48,28009.92
1680972540,28009.92,28013.35
1680972600,28013.35,28012.93
1680972660,28012.93,28012.96
1680972720,28012.96,28013.84
1680972780,28013.84,28014.84
1680972840,28014.84,28014.51
1680972900,28014.51,28013.26
1680972960,28013.26,28014.87
1680973020,28014.87,28014.4
1680973080,28014.4,28014.44
1680973140,28014.44,28013.65
1680973200,28013.65,28014.05
1680973260,28014.05,28014.79
1680973320,28014.79,28014.63
1680973380,28014.63,28015.29
1680973440,28015.29,28014.54
1680973500,28014.54,28014.45
1680973560,28014.45,28013.26
1680973620,28013.26,28014.32
1680973680,28014.32,28012.12
1680973740,28012.12,28015.28
1680973800,28015.28,28015.57
1680973860,28015.57,28014.39
1680973920,28014.39,28016.24
1680973980,28016.24,28012.29
1680974040,28012.29,28014.21
1680974100,28014.21,28011.84
1680974160,28011.84,28028.21
1680974220,28028.21,28013.8
1680974280,28013.8,28007.89
1680974340,28007.89,28011.72
1680974400,28011.72,28009.06
1680974460,28009.06,28011.81
1680974520,28011.81,28011.72
1680974580,28011.72,28012.42
1680974640,28012.42,28011.95
1680974700,28011.95,28010.36
1680974760,28010.36,28009.81
1680974820,28009.81,28009.67
1680974880,28009.67,28010.18
1680974940,28010.18,28010.81
1680975000,28010.81,28011.45
1680975060,28011.45,28006.02
1680975120,28006.02,28002.26
1680975180,28002.26,28001.06
1680975240,28001.06,28002.34
1680975300,28002.34,28002.31
1680975360,28002.31,28001.88
1680975420,28001.88,28000.37
1680975480,28000.37,27999.37
1680975540,27999.37,28000.27
1680975600,28000.27,27992.74
1680975660,27992.74,27993.01
1680975720,27993.01,27993.41
1680975780,27993.41,27987.31
1680975840,27987.31,27988.63
1680975900,27988.63,27983.4
1680975960,27983.4,27980.92
1680976020,27980.92,27983.74
1680976080,27983.74,27980.06
1680976140,27980.06,27978.03
1680976200,27978.03,27979.55
1680976260,27979.55,27978.34
1680976320,27978.34,27951.18
1680976380,27951.18,27946.85
1680976440,27946.85,27949.08
1680976500,27949.08,27951.74
1680976560,27951.74,27951.68
1680976620,27951.68,27955.35
1680976680,27955.35,27943.43
1680976740,27943.43,27943.44
1680976800,27943.44,27939.55
1680976860,27939.55,27935.39
1680976920,27935.39,27926.51
1680976980,27926.51,27924.01
1680977040,27924.01,27925.72
1680977100,27925.72,27923.95
1680977160,27923.95,27906.64
1680977220,27906.64,27920.56
1680977280,27920.56,27934.59
1680977340,27934.59,27945.38
1680977400,27945.38,27946.4
1680977460,27946.4,27950.98
1680977520,27950.98,27960.09
1680977580,27960.09,27963.18
1680977640,27963.18,27963.04
1680977700,27963.04,27956.26
1680977760,27956.26,27951.92
1680977820,27951.92,27973.26
1680977880,27973.26,27960.11
1680977940,27960.11,27960.71
1680978000,27960.71,27959.93
1680978060,27959.93,27960.77
1680978120,27960.77,27963.11
1680978180,27963.11,27963.66
1680978240,27963.66,27965.19
1680978300,27965.19,27963.27
1680978360,27963.27,27959.59
1680978420,27959.59,27955.2
1680978480,27955.2,27951.8
1680978540,27951.8,27951.37
1680978600,27951.37,27955.39
1680978660,27955.39,27956.15
1680978720,27956.15,27948.64
1680978780,27948.64,27944.41
1680978840,27944.41,27942.13
1680978900,27942.13,27942.6
1680978960,27942.6,27928.71
1680979020,27928.71,27939.69
1680979080,27939.69,27944.09
1680979140,27944.09,27949.53
1680979200,27949.53,27951.5
1680979260,27951.5,27946.43
1680979320,27946.43,27945.27
1680979380,27945.27,27942.17
1680979440,27942.17,27940.29
1680979500,27940.29,27940.51
1680979560,27940.51,27941.69
1680979620,27941.69,27940.89
1680979680,27940.89,27938.32
1680979740,27938.32,27933.39
1680979800,27933.39,27922.98
1680979860,27922.98,27887.82
1680979920,27887.82,27899.82
1680979980,27899.82,27906.07
1680980040,27906.07,27910.94
1680980100,27910.94,27903.39
1680980160,27903.39,27902.63
1680980220,27902.63,27908.94
1680980280,27908.94,27903.21
1680980340,27903.21,27913.56
1680980400,27913.56,27894.9
1680980460,27894.9,27891.02
1680980520,27891.02,27919.78
1680980580,27919.78,27921.25
1680980640,27921.25,27915.59
1680980700,27915.59,27910.73
1680980760,27910.73,27913.28
1680980820,27913.28,27922.01
1680980880,27922.01,27924.1
1680980940,27924.1,27923.61
1680981000,27923.61,27923.05
1680981060,27923.05,27924.67
1680981120,27924.67,27926.22
1680981180,27926.22,27934.56
1680981240,27934.56,27945.8
1680981300,27945.8,27939.82
1680981360,27939.82,27938.42
1680981420,27938.42,27936.86
1680981480,27936.86,27938.04
1680981540,27938.04,27934.23
1680981600,27934.23,27933.18
1680981660,27933.18,27931.01
1680981720,27931.01,27925.6
1680981780,27925.6,27916.59
1680981840,27916.59,27929.69
1680981900,27929.69,27930.28
1680981960,27930.28,27936.39
1680982020,27936.39,27933.25
1680982080,27933.25,27933.5
1680982140,27933.5,27933.27
1680982200,27933.27,27931.34
1680982260,27931.34,27931.43
1680982320,27931.43,27924.81
1680982380,27924.81,27923.35
1680982440,27923.35,27922.68
1680982500,27922.68,27918.9
1680982560,27918.9,27917.79
1680982620,27917.79,27916.18
1680982680,27916.18,27918.39
1680982740,27918.39,27924.68
1680982800,27924.68,27918.6
1680982860,27918.6,27918.27
1680982920,27918.27,27930.54
1680982980,27930.54,27934.53
1680983040,27934.53,27936.56
1680983100,27936.56,27936.52
1680983160,27936.52,27936.85
1680983220,27936.85,27935.98
1680983280,27935.98,27943.07
1680983340,27943.07,27935.69
1680983400,27935.69,27936
1680983460,27936,27957.26
1680983520,27957.26,27955.23
1680983580,27955.23,27958.5
1680983640,27958.5,27943.5
1680983700,27943.5,27935.66
1680983760,27935.66,27929.73
1680983820,27929.73,27924.49
1680983880,27924.49,27927.75
1680983940,27927.75,27931.78
1680984000,27931.78,27932.91
1680984060,27932.91,27936.89
1680984120,27936.89,27937
1680984180,27937,27938.39
1680984240,27938.39,27937.74
1680984300,27937.74,27941.72
1680984360,27941.72,27943.73
1680984420,27943.73,27947.62
1680984480,27947.62,27946.15
1680984540,27946.15,27949.39
1680984600,27949.39,27947.12
1680984660,27947.12,27947.7
1680984720,27947.7,27948.84
1680984780,27948.84,27949.44
1680984840,27949.44,27948.08
1680984900,27948.08,27955.79
1680984960,27955.79,27960.79
1680985020,27960.79,27963.37
1680985080,27963.37,27964.81
1680985140,27964.81,27961.16
1680985200,27961.16,27952.58
1680985260,27952.58,27951.78
1680985320,27951.78,27951.68
1680985380,27951.68,27952.14
1680985440,27952.14,27949.58
1680985500,27949.58,27948.19
1680985560,27948.19,27948.66
1680985620,27948.66,27946.78
1680985680,27946.78,27962.41
1680985740,27962.41,27963.03
1680985800,27963.03,27959.28
1680985860,27959.28,27958.54
1680985920,27958.54,27947.84
1680985980,27947.84,27947.8
1680986040,27947.8,27948.71
1680986100,27948.71,27955.88
1680986160,27955.88,27953.99
1680986220,27953.99,27954.35
1680986280,27954.35,27954.1
1680986340,27954.1,27953.92
1680986400,27953.92,27948.36
1680986460,27948.36,27946.36
1680986520,27946.36,27946.7
1680986580,27946.7,27947.24
1680986640,27947.24,27946.01
1680986700,27946.01,27940.08
1680986760,27940.08,27936.6
1680986820,27936.6,27936.44
1680986880,27936.44,27934.27
1680986940,27934.27,27927.35
1680987000,27927.35,27931.9
1680987060,27931.9,27933.79
1680987120,27933.79,27935.6
1680987180,27935.6,27936.81
1680987240,27936.81,27938.57
1680987300,27938.57,27940.26
1680987360,27940.26,27937.85
1680987420,27937.85,27939.61
1680987480,27939.61,27934.88
1680987540,27934.88,27928.73
1680987600,27928.73,27927.73
1680987660,27927.73,27917.41
1680987720,27917.41,27930.69
1680987780,27930.69,27935.03
1680987840,27935.03,27934.27
1680987900,27934.27,27935.98
1680987960,27935.98,27933.16
1680988020,27933.16,27934.27
1680988080,27934.27,27931.94
1680988140,27931.94,27932.2
1680988200,27932.2,27932.23
1680988260,27932.23,27934.24
1680988320,27934.24,27935.55
1680988380,27935.55,27937.9
1680988440,27937.9,27939.56
1680988500,27939.56,27943.98
1680988560,27943.98,27943.84
1680988620,27943.84,27943.29
1680988680,27943.29,27944.93
1680988740,27944.93,27941.66
1680988800,27941.66,27938.87
1680988860,27938.87,27938.69
1680988920,27938.69,27938.68
1680988980,27938.68,27937.01
1680989040,27937.01,27939.25
1680989100,27939.25,27935.14
1680989160,27935.14,27940.17
1680989220,27940.17,27937.61
1680989280,27937.61,27934.97
1680989340,27934.97,27932.78
1680989400,27932.78,27927.78
1680989460,27927.78,27930.4
1680989520,27930.4,27925.83
1680989580,27925.83,27927.77
1680989640,27927.77,27926.61
1680989700,27926.61,27928.38
1680989760,27928.38,27928.42
1680989820,27928.42,27928.91
1680989880,27928.91,27929.22
1680989940,27929.22,27929.11
1680990000,27929.11,27929.02
1680990060,27929.02,27929.75
1680990120,27929.75,27926.27
1680990180,27926.27,27929.3
1680990240,27929.3,27926.21
1680990300,27926.21,27931.03
1680990360,27931.03,27932.79
1680990420,27932.79,27931.38
1680990480,27931.38,27932.61
1680990540,27932.61,27933.07
1680990600,27933.07,27934.24
1680990660,27934.24,27933.12
1680990720,27933.12,27934.67
1680990780,27934.67,27937.4
1680990840,27937.4,27937.99
1680990900,27937.99,27936.61
1680990960,27936.61,27937.34
1680991020,27937.34,27937.58
1680991080,27937.58,27938.92
1680991140,27938.92,27940.36
1680991200,27940.36,27939.84
1680991260,27939.84,27941.59
1680991320,27941.59,27938.13
1680991380,27938.13,27938.17
1680991440,27938.17,27933.02
1680991500,27933.02,27928.55
1680991560,27928.55,27927.35
1680991620,27927.35,27928.84
1680991680,27928.84,27935.44
1680991740,27935.44,27936.41
1680991800,27936.41,27936.85
1680991860,27936.85,27938.3
1680991920,27938.3,27937.8
1680991980,27937.8,27940.12
1680992040,27940.12,27940.2
1680992100,27940.2,27935.93
1680992160,27935.93,27934.69
1680992220,27934.69,27935.92
1680992280,27935.92,27936.54
1680992340,27936.54,27936.62
1680992400,27936.62,27935.55
1680992460,27935.55,27935.32
1680992520,27935.32,27934.82
1680992580,27934.82,27935.43
1680992640,27935.43,27928.9
1680992700,27928.9,27922.58
1680992760,27922.58,27911.25
1680992820,27911.25,27911.45
1680992880,27911.45,27911.17
1680992940,27911.17,27907.66
1680993000,27907.66,27901.08
1680993060,27901.08,27900.05
1680993120,27900.05,27905.89
1680993180,27905.89,27915.95
1680993240,27915.95,27915.55
1680993300,27915.55,27914.34
1680993360,27914.34,27909.71
1680993420,27909.71,27912.63
1680993480,27912.63,27919.03
1680993540,27919.03,27923.2
1680993600,27923.2,27922.45
1680993660,27922.45,27923.06
1680993720,27923.06,27926.06
1680993780,27926.06,27925.76
1680993840,27925.76,27926.66
1680993900,27926.66,27927.94
1680993960,27927.94,27926.73
1680994020,27926.73,27927.92
1680994080,27927.92,27929.95
1680994140,27929.95,27930.13
1680994200,27930.13,27931.45
1680994260,27931.45,27934.67
1680994320,27934.67,27935.06
1680994380,27935.06,27934.03
1680994440,27934.03,27946.65
1680994500,27946.65,27951.88
1680994560,27951.88,27950.06
1680994620,27950.06,27951.62
1680994680,27951.62,27961.03
1680994740,27961.03,27964.48
1680994800,27964.48,27950.09
1680994860,27950.09,27949.88
1680994920,27949.88,27954.01
1680994980,27954.01,27961.81
1680995040,27961.81,27970.4
1680995100,27970.4,27959.35
1680995160,27959.35,27959.61
1680995220,27959.61,27973.29
1680995280,27973.29,27986.43
1680995340,27986.43,27989.93
1680995400,27989.93,27985.71
1680995460,27985.71,27982.56
1680995520,27982.56,27984.28
1680995580,27984.28,27982.97
1680995640,27982.97,27981.67
1680995700,27981.67,27983.71
1680995760,27983.71,27984
1680995820,27984,27987.99
1680995880,27987.99,27986.35
1680995940,27986.35,27986.83
1680996000,27986.83,27979.79
1680996060,27979.79,27977.44
1680996120,27977.44,27975.03
1680996180,27975.03,27975.15
1680996240,27975.15,27984.03
1680996300,27984.03,27982.45
1680996360,27982.45,27983.91
1680996420,27983.91,27978.14
1680996480,27978.14,27977.88
1680996540,27977.88,27976.7
1680996600,27976.7,27974.65
1680996660,27974.65,27965.8
1680996720,27965.8,27961.23
1680996780,27961.23,27958.46
1680996840,27958.46,27957.51
1680996900,27957.51,27947.04
1680996960,27947.04,27951.38
1680997020,27951.38,27953.44
1680997080,27953.44,27958.24
1680997140,27958.24,27959.73
1680997200,27959.73,27956.61
1680997260,27956.61,27950.28
1680997320,27950.28,27953.44
1680997380,27953.44,27954.94
1680997440,27954.94,27955.03
1680997500,27955.03,27954.07
1680997560,27954.07,27954.44
1680997620,27954.44,27954.96
1680997680,27954.96,27954.89
1680997740,27954.89,27956.95
1680997800,27956.95,27958.84
1680997860,27958.84,27951.64
1680997920,27951.64,27947.42
1680997980,27947.42,27948.98
1680998040,27948.98,27946.35
1680998100,27946.35,27946.85
1680998160,27946.85,27944.57
1680998220,27944.57,27952.56
1680998280,27952.56,27951.61
1680998340,27951.61,27953.79
1680998400,27953.79,27950.31
1680998460,27950.31,27946.28
1680998520,27946.28,27944.8
1680998580,27944.8,27947.63
1680998640,27947.63,27945.15
1680998700,27945.15,27947.09
1680998760,27947.09,27947.8
1680998820,27947.8,27946.61
1680998880,27946.61,27953.22
1680998940,27953.22,27968.37
1680999000,27968.37,27967.58
1680999060,27967.58,27970
1680999120,27970,27968.59
1680999180,27968.59,27967.19
1680999240,27967.19,27969.08
1680999300,27969.08,27971.76
1680999360,27971.76,27973.32
1680999420,27973.32,27977.7
1680999480,27977.7,27980.69
1680999540,27980.69,27980.43
1680999600,27980.43,27978.08
1680999660,27978.08,27981.83
1680999720,27981.83,27984.54
1680999780,27984.54,27991.34
1680999840,27991.34,27998.07
1680999900,27998.07,27997.44
1680999960,27997.44,28001.62
1681000020,28001.62,28023.75
1681000080,28023.75,28021.86
1681000140,28021.86,28023.41
1681000200,28023.41,28035.06
1681000260,28035.06,28012.75
1681000320,28012.75,28033.69
1681000380,28033.69,28034.83
1681000440,28034.83,28041.85
1681000500,28041.85,28046.81
1681000560,28046.81,28033.74
1681000620,28033.74,28044.99
1681000680,28044.99,28037.33
1681000740,28037.33,28034.27
1681000800,28034.27,28042.58
1681000860,28042.58,28042.32
1681000920,28042.32,28051.79
1681000980,28051.79,28043.71
1681001040,28043.71,28047.21
1681001100,28047.21,28050.35
1681001160,28050.35,28049.9
1681001220,28049.9,28059.92
1681001280,28059.92,28067.8
1681001340,28067.8,28068.89
1681001400,28068.89,28062.09
1681001460,28062.09,28063.97
1681001520,28063.97,28062.75
1681001580,28062.75,28052.11
1681001640,28052.11,28045.25
1681001700,28045.25,28054.76
1681001760,28054.76,28064.77
1681001820,28064.77,28047.46
1681001880,28047.46,28049.67
1681001940,28049.67,28050.46
1681002000,28050.46,28045.58
1681002060,28045.58,28046.81
1681002120,28046.81,28047.04
1681002180,28047.04,28047.51
1681002240,28047.51,28046.45
1681002300,28046.45,28047.62
1681002360,28047.62,28052.79
1681002420,28052.79,28054.3
1681002480,28054.3,28056.39
1681002540,28056.39,28060.56
1681002600,28060.56,28079.6
1681002660,28079.6,28060.19
1681002720,28060.19,28059.94
1681002780,28059.94,28064.79
1681002840,28064.79,28062.78
1681002900,28062.78,28060.85
1681002960,28060.85,28065.39
1681003020,28065.39,28068.11
1681003080,28068.11,28067.85
1681003140,28067.85,28062.44
1681003200,28062.44,28064.97
1681003260,28064.97,28072.18
1681003320,28072.18,28069.41
1681003380,28069.41,28067.93
1681003440,28067.93,28070.1
1681003500,28070.1,28070.13
1681003560,28070.13,28070.41
1681003620,28070.41,28070.73
1681003680,28070.73,28073.7
1681003740,28073.7,28072.54
1681003800,28072.54,28071.11
1681003860,28071.11,28070.66
1681003920,28070.66,28071.96
1681003980,28071.96,28079.96
1681004040,28079.96,28069.67
1681004100,28069.67,28060.27
1681004160,28060.27,28055.18
1681004220,28055.18,28051.8
1681004280,28051.8,28049.87
1681004340,28049.87,28050.63
1681004400,28050.63,28054.2
1681004460,28054.2,28062
1681004520,28062,28063.56
1681004580,28063.56,28064.53
1681004640,28064.53,28071.1
1681004700,28071.1,28064.52
1681004760,28064.52,28070.74
1681004820,28070.74,28068.87
1681004880,28068.87,28070.18
1681004940,28070.18,28071.28
1681005000,28071.28,28074.46
1681005060,28074.46,28074.05
1681005120,28074.05,28082.26
1681005180,28082.26,28085.9
1681005240,28085.9,28093.03
1681005300,28093.03,28094.77
1681005360,28094.77,28092.97
1681005420,28092.97,28086.79
1681005480,28086.79,28092.01
1681005540,28092.01,28094.3
1681005600,28094.3,28097.77
1681005660,28097.77,28094.79
1681005720,28094.79,28099.34
1681005780,28099.34,28097.56
1681005840,28097.56,28094.77
1681005900,28094.77,28092.2
1681005960,28092.2,28081.85
1681006020,28081.85,28080.21
1681006080,28080.21,28076.6
1681006140,28076.6,28082.14
1681006200,28082.14,28097.44
1681006260,28097.44,28095.48
1681006320,28095.48,28093.8
1681006380,28093.8,28085.61
1681006440,28085.61,28078.58
1681006500,28078.58,28090.69
1681006560,28090.69,28094.08
1681006620,28094.08,28092.11
1681006680,28092.11,28085.57
1681006740,28085.57,28082.45
1681006800,28082.45,28082.17
1681006860,28082.17,28082.87
1681006920,28082.87,28082.44
1681006980,28082.44,28083.6
1681007040,28083.6,28083.51
1681007100,28083.51,28082
1681007160,28082,28082.02
1681007220,28082.02,28080.06
1681007280,28080.06,28079.5
1681007340,28079.5,28081.43
1681007400,28081.43,28083.94
1681007460,28083.94,28083.47
1681007520,28083.47,28078.06
1681007580,28078.06,28068.38
1681007640,28068.38,28066.29
1681007700,28066.29,28063.81
1681007760,28063.81,28056.11
1681007820,28056.11,28055.4
1681007880,28055.4,28055.19
1681007940,28055.19,28055.17
1681008000,28055.17,28067.62
1681008060,28067.62,28070.16
1681008120,28070.16,28070.6
1681008180,28070.6,28069.69
1681008240,28069.69,28069.11
1681008300,28069.11,28065.54
1681008360,28065.54,28063.68
1681008420,28063.68,28065.18
1681008480,28065.18,28047.74
1681008540,28047.74,28044
1681008600,28044,28041.79
1681008660,28041.79,28041.19
1681008720,28041.19,28048.77
1681008780,28048.77,28048.48
1681008840,28048.48,28050.27
1681008900,28050.27,28051.45
1681008960,28051.45,28066.57
1681009020,28066.57,28052.35
1681009080,28052.35,28047.5
1681009140,28047.5,28045.55
1681009200,28045.55,28046.34
1681009260,28046.34,28047.18
1681009320,28047.18,28045.59
1681009380,28045.59,28043.62
1681009440,28043.62,28041.07
1681009500,28041.07,28039.18
1681009560,28039.18,28036.89
1681009620,28036.89,28033.58
1681009680,28033.58,28033.64
1681009740,28033.64,28031.42
1681009800,28031.42,28035.19
1681009860,28035.19,28038.51
1681009920,28038.51,28039.45
1681009980,28039.45,28041.55
1681010040,28041.55,28042.1
1681010100,28042.1,28043.09
1681010160,28043.09,28041.03
1681010220,28041.03,28041.38
1681010280,28041.38,28039.98
1681010340,28039.98,28037.61
1681010400,28037.61,28047.76
1681010460,28047.76,28055.85
1681010520,28055.85,28048.37
1681010580,28048.37,28048.7
1681010640,28048.7,28047.18
1681010700,28047.18,28046.56
1681010760,28046.56,28049.05
1681010820,28049.05,28049.73
1681010880,28049.73,28055.43
1681010940,28055.43,28059.93
1681011000,28059.93,28061.41
1681011060,28061.41,28065.09
1681011120,28065.09,28066.32
1681011180,28066.32,28060.93
1681011240,28060.93,28061.19
1681011300,28061.19,28055.96
1681011360,28055.96,28056.94
1681011420,28056.94,28060.91
1681011480,28060.91,28061.93
1681011540,28061.93,28062.32
1681011600,28062.32,28061.78
1681011660,28061.78,28059.54
1681011720,28059.54,28061.56
1681011780,28061.56,28062.08
1681011840,28062.08,28061.85
1681011900,28061.85,28062.96
1681011960,28062.96,28061.74
1681012020,28061.74,28057.9
1681012080,28057.9,28057.72
1681012140,28057.72,28056.69
1681012200,28056.69,28057.69
1681012260,28057.69,28058.09
1681012320,28058.09,28059.59
1681012380,28059.59,28057.78
1681012440,28057.78,28058.6
1681012500,28058.6,28057.46
1681012560,28057.46,28056.13
1681012620,28056.13,28056.88
1681012680,28056.88,28054.3
1681012740,28054.3,28042.39
1681012800,28042.39,28044.63
1681012860,28044.63,28044.31
1681012920,28044.31,28044.72
1681012980,28044.72,28044.57
1681013040,28044.57,28049.64
1681013100,28049.64,28044.91
1681013160,28044.91,28045.11
1681013220,28045.11,28046.45
1681013280,28046.45,28047.72
1681013340,28047.72,28046.48
1681013400,28046.48,28046.15
1681013460,28046.15,28046.22
1681013520,28046.22,28043.47
1681013580,28043.47,28043.7
1681013640,28043.7,28041.9
1681013700,28041.9,28047.79
1681013760,28047.79,28050.48
1681013820,28050.48,28048.52
1681013880,28048.52,28050.42
1681013940,28050.42,28049.24
1681014000,28049.24,28050.1
1681014060,28050.1,28049.44
1681014120,28049.44,28051.17
1681014180,28051.17,28050.66
1681014240,28050.66,28050.43
1681014300,28050.43,28050.86
1681014360,28050.86,28051.56
1681014420,28051.56,28050.28
1681014480,28050.28,28051.08
1681014540,28051.08,28047.1
1681014600,28047.1,28046.5
1681014660,28046.5,28038.1
1681014720,28038.1,28038.56
1681014780,28038.56,28035.84
1681014840,28035.84,28037.23
1681014900,28037.23,28040.34
1681014960,28040.34,28043.07
1681015020,28043.07,28042.41
1681015080,28042.41,28041.12
1681015140,28041.12,28043.38
1681015200,28043.38,28043.16
1681015260,28043.16,28047.64
1681015320,28047.64,28053.22
1681015380,28053.22,28054.42
1681015440,28054.42,28049.45
1681015500,28049.45,28049.8
1681015560,28049.8,28049.03
1681015620,28049.03,28051.23
1681015680,28051.23,28051.58
1681015740,28051.58,28051.59
1681015800,28051.59,28051.86
1681015860,28051.86,28052.3
1681015920,28052.3,28055.13
1681015980,28055.13,28055.07
1681016040,28055.07,28055.13
1681016100,28055.13,28055.11
1681016160,28055.11,28051.3
1681016220,28051.3,28053.14
1681016280,28053.14,28055.45
1681016340,28055.45,28052.67
1681016400,28052.67,28054.3
1681016460,28054.3,28051.85
1681016520,28051.85,28054.86
1681016580,28054.86,28056.98
1681016640,28056.98,28053.56
1681016700,28053.56,28055.19
1681016760,28055.19,28055.39
1681016820,28055.39,28057.81
1681016880,28057.81,28063.87
1681016940,28063.87,28067.23
1681017000,28067.23,28067.42
1681017060,28067.42,28064.94
1681017120,28064.94,28064.11
1681017180,28064.11,28067.64
1681017240,28067.64,28068.62
1681017300,28068.62,28070.21
1681017360,28070.21,28070.84
1681017420,28070.84,28072.32
1681017480,28072.32,28070.45
1681017540,28070.45,28068.97
1681017600,28068.97,28068.51
1681017660,28068.51,28069.55
1681017720,28069.55,28072.08
1681017780,28072.08,28082.02
1681017840,28082.02,28081.89
1681017900,28081.89,28080.01
1681017960,28080.01,28079.11
1681018020,28079.11,28079.42
1681018080,28079.42,28079.21
1681018140,28079.21,28080.33
1681018200,28080.33,28081.94
1681018260,28081.94,28080.34
1681018320,28080.34,28077.79
1681018380,28077.79,28074.29
1681018440,28074.29,28074.58
1681018500,28074.58,28074.32
1681018560,28074.32,28073.09
1681018620,28073.09,28074.89
1681018680,28074.89,28073.84
1681018740,28073.84,28081.94
1681018800,28081.94,28077.27
1681018860,28077.27,28073.34
1681018920,28073.34,28062.28
1681018980,28062.28,28059.2
1681019040,28059.2,28061.21
1681019100,28061.21,28059
1681019160,28059,28058.88
1681019220,28058.88,28058.08
1681019280,28058.08,28057.34
1681019340,28057.34,28054.01
1681019400,28054.01,28047.83
1681019460,28047.83,28026.33
1681019520,28026.33,28032.38
1681019580,28032.38,28030.9
1681019640,28030.9,28026.54
1681019700,28026.54,28029.33
1681019760,28029.33,28030.81
1681019820,28030.81,28026.76
1681019880,28026.76,28031.48
1681019940,28031.48,28016.47
1681020000,28016.47,28008.91
1681020060,28008.91,27944.8
1681020120,27944.8,27955.33
1681020180,27955.33,27944.66
1681020240,27944.66,27943.07
1681020300,27943.07,27951.15
1681020360,27951.15,27972.16
1681020420,27972.16,27989.69
1681020480,27989.69,27985.29
1681020540,27985.29,27980.52
1681020600,27980.52,27968.01
1681020660,27968.01,27960.22
1681020720,27960.22,27956.49
1681020780,27956.49,27973.97
1681020840,27973.97,27976.72
1681020900,27976.72,27971.08
1681020960,27971.08,27952.62
1681021020,27952.62,27948.43
1681021080,27948.43,27945.47
1681021140,27945.47,27946.63
1681021200,27946.63,27939.21
1681021260,27939.21,27935.87
1681021320,27935.87,27940.3
1681021380,27940.3,27951.96
1681021440,27951.96,27953.12
1681021500,27953.12,27958.3
1681021560,27958.3,27957.43
1681021620,27957.43,27957.78
1681021680,27957.78,27965.51
1681021740,27965.51,27966.15
1681021800,27966.15,27969.07
1681021860,27969.07,27977.62
1681021920,27977.62,27978.57
1681021980,27978.57,27978.22
1681022040,27978.22,27975.99
1681022100,27975.99,27975.66
1681022160,27975.66,27976.26
1681022220,27976.26,27973.74
1681022280,27973.74,27972.46
1681022340,27972.46,27969.55
1681022400,27969.55,27962.49
1681022460,27962.49,27956.83
1681022520,27956.83,27955.36
1681022580,27955.36,27945.7
1681022640,27945.7,27938.11
1681022700,27938.11,27941.95
1681022760,27941.95,27949.47
1681022820,27949.47,27947.94
1681022880,27947.94,27944.64
1681022940,27944.64,27947.02
1681023000,27947.02,27934.37
1681023060,27934.37,27920.75
1681023120,27920.75,27930.51
1681023180,27930.51,27932.4
1681023240,27932.4,27934.36
1681023300,27934.36,27922.78
1681023360,27922.78,27917.95
1681023420,27917.95,27891.88
1681023480,27891.88,27889.28
1681023540,27889.28,27891.37
1681023600,27891.37,27875.73
1681023660,27875.73,27886.54
1681023720,27886.54,27887.52
1681023780,27887.52,27877.87
1681023840,27877.87,27870.78
1681023900,27870.78,27871.79
1681023960,27871.79,27888.35
1681024020,27888.35,27885.68
1681024080,27885.68,27881.74
1681024140,27881.74,27887.38
1681024200,27887.38,27886.6
1681024260,27886.6,27885.82
1681024320,27885.82,27885.35
1681024380,27885.35,27885.61
1681024440,27885.61,27886.29
1681024500,27886.29,27886.05
1681024560,27886.05,27887.75
1681024620,27887.75,27888.63
1681024680,27888.63,27890.8
1681024740,27890.8,27885.14
1681024800,27885.14,27876.51
1681024860,27876.51,27878.38
1681024920,27878.38,27903.63
1681024980,27903.63,27920.59
1681025040,27920.59,27926.74
1681025100,27926.74,27912.28
1681025160,27912.28,27911.95
1681025220,27911.95,27913.9
1681025280,27913.9,27917.92
1681025340,27917.92,27925.84
1681025400,27925.84,27922.01
1681025460,27922.01,27923.13
1681025520,27923.13,27923.95
1681025580,27923.95,27923.79
1681025640,27923.79,27923.15
1681025700,27923.15,27905.67
1681025760,27905.67,27904.39
1681025820,27904.39,27905
1681025880,27905,27885.82
1681025940,27885.82,27890.15
1681026000,27890.15,27882.16
1681026060,27882.16,27882.4
1681026120,27882.4,27895.3
1681026180,27895.3,27896.15
1681026240,27896.15,27904.52
1681026300,27904.52,27901.71
1681026360,27901.71,27911.09
1681026420,27911.09,27910.76
1681026480,27910.76,27916.16
1681026540,27916.16,27917.43
1681026600,27917.43,27917.23
1681026660,27917.23,27918.69
1681026720,27918.69,27924.02
1681026780,27924.02,27927.51
1681026840,27927.51,27927.98
1681026900,27927.98,27924.44
1681026960,27924.44,27923.67
1681027020,27923.67,27924.93
1681027080,27924.93,27921.66
1681027140,27921.66,27925.25
1681027200,27925.25,27925.17
1681027260,27925.17,27924.08
1681027320,27924.08,27921.47
1681027380,27921.47,27925.39
1681027440,27925.39,27922.86
1681027500,27922.86,27924.82
1681027560,27924.82,27919.58
1681027620,27919.58,27922.15
1681027680,27922.15,27919.68
1681027740,27919.68,27919.43
1681027800,27919.43,27914.84
1681027860,27914.84,27919.06
1681027920,27919.06,27923.65
1681027980,27923.65,27925.34
1681028040,27925.34,27925.89
1681028100,27925.89,27927.51
1681028160,27927.51,27935.91
1681028220,27935.91,27938.45
1681028280,27938.45,27938.53
1681028340,27938.53,27939.84
1681028400,27939.84,27928.88
1681028460,27928.88,27922.93
1681028520,27922.93,27924.16
1681028580,27924.16,27922.23
1681028640,27922.23,27923.84
1681028700,27923.84,27916.45
1681028760,27916.45,27911.39
1681028820,27911.39,27910.68
1681028880,27910.68,27890.85
1681028940,27890.85,27901.22
1681029000,27901.22,27902.04
1681029060,27902.04,27905.71
1681029120,27905.71,27903.72
1681029180,27903.72,27913.98
1681029240,27913.98,27902.15
1681029300,27902.15,27903.76
1681029360,27903.76,27903.99
1681029420,27903.99,27906.52
1681029480,27906.52,27907.14
1681029540,27907.14,27901.67
1681029600,27901.67,27899.06
1681029660,27899.06,27897.38
1681029720,27897.38,27886.15
1681029780,27886.15,27889.23
1681029840,27889.23,27884.49
1681029900,27884.49,27893.19
1681029960,27893.19,27896.66
1681030020,27896.66,27884.65
1681030080,27884.65,27878.75
1681030140,27878.75,27852.25
1681030200,27852.25,27859.34
1681030260,27859.34,27874.03
1681030320,27874.03,27883.04
1681030380,27883.04,27889.86
1681030440,27889.86,27894.85
1681030500,27894.85,27896.98
1681030560,27896.98,27899.39
1681030620,27899.39,27897.81
1681030680,27897.81,27897.5
1681030740,27897.5,27899.87
1681030800,27899.87,27906.64
1681030860,27906.64,27907.01
1681030920,27907.01,27910.49
1681030980,27910.49,27910.47
1681031040,27910.47,27911.1
1681031100,27911.1,27903.12
1681031160,27903.12,27907.14
1681031220,27907.14,27911.87
1681031280,27911.87,27916.74
1681031340,27916.74,27919.55
1681031400,27919.55,27920.1
1681031460,27920.1,27924.26
1681031520,27924.26,27925.91
1681031580,27925.91,27925.44
1681031640,27925.44,27923.64
1681031700,27923.64,27919.21
1681031760,27919.21,27933.61
1681031820,27933.61,27938.22
1681031880,27938.22,27934.86
1681031940,27934.86,27921.54
1681032000,27921.54,27919.03
1681032060,27919.03,27916.8
1681032120,27916.8,27917.54
1681032180,27917.54,27914
1681032240,27914,27949.06
1681032300,27949.06,27925.94
1681032360,27925.94,27923.96
1681032420,27923.96,27922.51
1681032480,27922.51,27920.48
1681032540,27920.48,27918.13
1681032600,27918.13,27904.61
1681032660,27904.61,27905.71
1681032720,27905.71,27903.87
1681032780,27903.87,27900.41
1681032840,27900.41,27901.28
1681032900,27901.28,27897.86
1681032960,27897.86,27901.82
1681033020,27901.82,27911.16
1681033080,27911.16,27912.97
1681033140,27912.97,27921.66
1681033200,27921.66,27924.77
1681033260,27924.77,27924.41
1681033320,27924.41,27930.57
1681033380,27930.57,27932.72
1681033440,27932.72,27932.31
1681033500,27932.31,27933.48
1681033560,27933.48,27932.78
1681033620,27932.78,27934.32
